
WARNING: currentsite.txt is not supported anymore for setting default site. Use following command to set it as default site.
$ bench use erp.local

2025-10-07 19:44:42,282 Worker rq:worker:32a87a9dcf4c42588e379ce0028f1972 started with PID 70020, version 1.15.1
2025-10-07 19:44:42,282 Subscribing to channel rq:pubsub:32a87a9dcf4c42588e379ce0028f1972
2025-10-07 19:44:42,283 *** Listening on Users-thaidoantuan-workspace-frappe-dev-bench:short, Users-thaidoantuan-workspace-frappe-dev-bench:default, Users-thaidoantuan-workspace-frappe-dev-bench:long...
2025-10-07 19:44:42,284 Cleaning registries for queue: Users-thaidoantuan-workspace-frappe-dev-bench:short
2025-10-07 19:44:42,286 Cleaning registries for queue: Users-thaidoantuan-workspace-frappe-dev-bench:default
2025-10-07 19:44:42,288 Cleaning registries for queue: Users-thaidoantuan-workspace-frappe-dev-bench:long
2025-10-07 19:44:42,535 Worker 32a87a9dcf4c42588e379ce0028f1972 [PID 70020]: warm shut down requested
2025-10-07 19:44:42,537 Unsubscribing from channel rq:pubsub:32a87a9dcf4c42588e379ce0028f1972
2025-10-07 19:45:28,814 Worker rq:worker:d89dac9a3bb447aeacb8fa5bf7ac040b started with PID 71614, version 1.15.1
2025-10-07 19:45:28,814 Subscribing to channel rq:pubsub:d89dac9a3bb447aeacb8fa5bf7ac040b
2025-10-07 19:45:28,815 *** Listening on Users-thaidoantuan-workspace-frappe-dev-bench:short, Users-thaidoantuan-workspace-frappe-dev-bench:default, Users-thaidoantuan-workspace-frappe-dev-bench:long...
2025-10-07 19:54:56,655 Worker d89dac9a3bb447aeacb8fa5bf7ac040b [PID 71614]: warm shut down requested
2025-10-07 19:54:56,661 Unsubscribing from channel rq:pubsub:d89dac9a3bb447aeacb8fa5bf7ac040b
2025-10-07 19:54:59,785 Worker rq:worker:1f5cd4e47144486cb7054118690e2591 started with PID 81992, version 1.15.1
2025-10-07 19:54:59,785 Subscribing to channel rq:pubsub:1f5cd4e47144486cb7054118690e2591
2025-10-07 19:54:59,786 *** Listening on Users-thaidoantuan-workspace-frappe-dev-bench:short, Users-thaidoantuan-workspace-frappe-dev-bench:default, Users-thaidoantuan-workspace-frappe-dev-bench:long...
2025-10-07 20:05:00,628 Users-thaidoantuan-workspace-frappe-dev-bench:default: frappe.utils.background_jobs.execute_job(event=None, is_async=True, job_name='frappe.core.doctype.scheduled_job_type.scheduled_job_type.run_scheduled_jo..., kwargs={'job_type': 'frappe.email.queue.retry_sending_emails'}, method='frappe.core.doctype.scheduled_job_type.scheduled_job_type.run_scheduled_jo..., site='erp.local', user='Administrator') (erp.local::scheduled_job::frappe.email.queue.retry_sending_emails)
2025-10-07 20:05:00,777 Users-thaidoantuan-workspace-frappe-dev-bench:default: Job OK (erp.local::scheduled_job::frappe.email.queue.retry_sending_emails)
2025-10-07 20:05:00,777 Result is kept for 600 seconds
2025-10-07 20:05:00,790 Cleaning registries for queue: Users-thaidoantuan-workspace-frappe-dev-bench:short
2025-10-07 20:05:00,792 Cleaning registries for queue: Users-thaidoantuan-workspace-frappe-dev-bench:default
2025-10-07 20:05:00,794 Cleaning registries for queue: Users-thaidoantuan-workspace-frappe-dev-bench:long
2025-10-07 20:05:00,796 Users-thaidoantuan-workspace-frappe-dev-bench:default: frappe.utils.background_jobs.execute_job(event=None, is_async=True, job_name='frappe.core.doctype.scheduled_job_type.scheduled_job_type.run_scheduled_jo..., kwargs={'job_type': 'erpnext.accounts.doctype.gl_entry.gl_entry.rename_gle_sle_doc..., method='frappe.core.doctype.scheduled_job_type.scheduled_job_type.run_scheduled_jo..., site='erp.local', user='Administrator') (erp.local::scheduled_job::erpnext.accounts.doctype.gl_entry.gl_entry.rename_gle_sle_docs)
2025-10-07 20:05:01,091 Users-thaidoantuan-workspace-frappe-dev-bench:default: Job OK (erp.local::scheduled_job::erpnext.accounts.doctype.gl_entry.gl_entry.rename_gle_sle_docs)
2025-10-07 20:05:01,092 Result is kept for 600 seconds
2025-10-07 20:05:01,097 Users-thaidoantuan-workspace-frappe-dev-bench:default: frappe.utils.background_jobs.execute_job(event=None, is_async=True, job_name='frappe.core.doctype.scheduled_job_type.scheduled_job_type.run_scheduled_jo..., kwargs={'job_type': 'frappe.email.queue.flush'}, method='frappe.core.doctype.scheduled_job_type.scheduled_job_type.run_scheduled_jo..., site='erp.local', user='Administrator') (erp.local::scheduled_job::frappe.email.queue.flush)
2025-10-07 20:05:01,239 Users-thaidoantuan-workspace-frappe-dev-bench:default: Job OK (erp.local::scheduled_job::frappe.email.queue.flush)
2025-10-07 20:05:01,239 Result is kept for 600 seconds
2025-10-07 20:05:01,243 Users-thaidoantuan-workspace-frappe-dev-bench:default: frappe.utils.background_jobs.execute_job(event=None, is_async=True, job_name='frappe.core.doctype.scheduled_job_type.scheduled_job_type.run_scheduled_jo..., kwargs={'job_type': 'frappe.email.doctype.newsletter.newsletter.send_scheduled_ema..., method='frappe.core.doctype.scheduled_job_type.scheduled_job_type.run_scheduled_jo..., site='erp.local', user='Administrator') (erp.local::scheduled_job::frappe.email.doctype.newsletter.newsletter.send_scheduled_email)
2025-10-07 20:05:01,362 Users-thaidoantuan-workspace-frappe-dev-bench:default: Job OK (erp.local::scheduled_job::frappe.email.doctype.newsletter.newsletter.send_scheduled_email)
2025-10-07 20:05:01,363 Result is kept for 600 seconds
2025-10-07 20:05:01,366 Users-thaidoantuan-workspace-frappe-dev-bench:default: frappe.utils.background_jobs.execute_job(event=None, is_async=True, job_name='frappe.core.doctype.scheduled_job_type.scheduled_job_type.run_scheduled_jo..., kwargs={'job_type': 'frappe.email.doctype.email_account.email_account.pull'}, method='frappe.core.doctype.scheduled_job_type.scheduled_job_type.run_scheduled_jo..., site='erp.local', user='Administrator') (erp.local::scheduled_job::frappe.email.doctype.email_account.email_account.pull)
2025-10-07 20:05:01,493 Users-thaidoantuan-workspace-frappe-dev-bench:default: Job OK (erp.local::scheduled_job::frappe.email.doctype.email_account.email_account.pull)
2025-10-07 20:05:01,494 Result is kept for 600 seconds
2025-10-07 20:05:01,498 Users-thaidoantuan-workspace-frappe-dev-bench:default: frappe.utils.background_jobs.execute_job(event=None, is_async=True, job_name='frappe.core.doctype.scheduled_job_type.scheduled_job_type.run_scheduled_jo..., kwargs={'job_type': 'erpnext.utilities.doctype.video.video.update_youtube_data'}, method='frappe.core.doctype.scheduled_job_type.scheduled_job_type.run_scheduled_jo..., site='erp.local', user='Administrator') (erp.local::scheduled_job::erpnext.utilities.doctype.video.video.update_youtube_data)
2025-10-07 20:05:01,644 Users-thaidoantuan-workspace-frappe-dev-bench:default: Job OK (erp.local::scheduled_job::erpnext.utilities.doctype.video.video.update_youtube_data)
2025-10-07 20:05:01,644 Result is kept for 600 seconds
2025-10-07 20:05:01,648 Users-thaidoantuan-workspace-frappe-dev-bench:default: frappe.utils.background_jobs.execute_job(event=None, is_async=True, job_name='frappe.core.doctype.scheduled_job_type.scheduled_job_type.run_scheduled_jo..., kwargs={'job_type': 'erpnext.projects.doctype.project.project.collect_project_stat..., method='frappe.core.doctype.scheduled_job_type.scheduled_job_type.run_scheduled_jo..., site='erp.local', user='Administrator') (erp.local::scheduled_job::erpnext.projects.doctype.project.project.collect_project_status)
2025-10-07 20:05:01,781 Users-thaidoantuan-workspace-frappe-dev-bench:default: Job OK (erp.local::scheduled_job::erpnext.projects.doctype.project.project.collect_project_status)
2025-10-07 20:05:01,782 Result is kept for 600 seconds
2025-10-07 20:05:01,785 Users-thaidoantuan-workspace-frappe-dev-bench:default: frappe.utils.background_jobs.execute_job(event=None, is_async=True, job_name='frappe.core.doctype.scheduled_job_type.scheduled_job_type.run_scheduled_jo..., kwargs={'job_type': 'frappe.utils.global_search.sync_global_search'}, method='frappe.core.doctype.scheduled_job_type.scheduled_job_type.run_scheduled_jo..., site='erp.local', user='Administrator') (erp.local::scheduled_job::frappe.utils.global_search.sync_global_search)
2025-10-07 20:05:01,975 Users-thaidoantuan-workspace-frappe-dev-bench:default: Job OK (erp.local::scheduled_job::frappe.utils.global_search.sync_global_search)
2025-10-07 20:05:01,975 Result is kept for 600 seconds
2025-10-07 20:05:01,980 Users-thaidoantuan-workspace-frappe-dev-bench:default: frappe.utils.background_jobs.execute_job(event=None, is_async=True, job_name='frappe.core.doctype.scheduled_job_type.scheduled_job_type.run_scheduled_jo..., kwargs={'job_type': 'erpnext.projects.doctype.project.project.project_status_updat..., method='frappe.core.doctype.scheduled_job_type.scheduled_job_type.run_scheduled_jo..., site='erp.local', user='Administrator') (erp.local::scheduled_job::erpnext.projects.doctype.project.project.project_status_update_reminder)
2025-10-07 20:05:02,119 Users-thaidoantuan-workspace-frappe-dev-bench:default: Job OK (erp.local::scheduled_job::erpnext.projects.doctype.project.project.project_status_update_reminder)
2025-10-07 20:05:02,119 Result is kept for 600 seconds
2025-10-07 20:05:02,123 Users-thaidoantuan-workspace-frappe-dev-bench:default: frappe.utils.background_jobs.execute_job(event=None, is_async=True, job_name='frappe.core.doctype.scheduled_job_type.scheduled_job_type.run_scheduled_jo..., kwargs={'job_type': 'frappe.integrations.doctype.google_calendar.google_calendar.s..., method='frappe.core.doctype.scheduled_job_type.scheduled_job_type.run_scheduled_jo..., site='erp.local', user='Administrator') (erp.local::scheduled_job::frappe.integrations.doctype.google_calendar.google_calendar.sync)
2025-10-07 20:05:02,304 Users-thaidoantuan-workspace-frappe-dev-bench:default: Job OK (erp.local::scheduled_job::frappe.integrations.doctype.google_calendar.google_calendar.sync)
2025-10-07 20:05:02,304 Result is kept for 600 seconds
2025-10-07 20:05:02,307 Users-thaidoantuan-workspace-frappe-dev-bench:default: frappe.utils.background_jobs.execute_job(event=None, is_async=True, job_name='frappe.core.doctype.scheduled_job_type.scheduled_job_type.run_scheduled_jo..., kwargs={'job_type': 'erpnext.erpnext_integrations.doctype.plaid_settings.plaid_set..., method='frappe.core.doctype.scheduled_job_type.scheduled_job_type.run_scheduled_jo..., site='erp.local', user='Administrator') (erp.local::scheduled_job::erpnext.erpnext_integrations.doctype.plaid_settings.plaid_settings.automatic_synchronization)
2025-10-07 20:05:02,437 Users-thaidoantuan-workspace-frappe-dev-bench:default: Job OK (erp.local::scheduled_job::erpnext.erpnext_integrations.doctype.plaid_settings.plaid_settings.automatic_synchronization)
2025-10-07 20:05:02,437 Result is kept for 600 seconds
2025-10-07 20:05:02,441 Users-thaidoantuan-workspace-frappe-dev-bench:default: frappe.utils.background_jobs.execute_job(event=None, is_async=True, job_name='frappe.core.doctype.scheduled_job_type.scheduled_job_type.run_scheduled_jo..., kwargs={'job_type': 'frappe.deferred_insert.save_to_db'}, method='frappe.core.doctype.scheduled_job_type.scheduled_job_type.run_scheduled_jo..., site='erp.local', user='Administrator') (erp.local::scheduled_job::frappe.deferred_insert.save_to_db)
2025-10-07 20:05:02,555 Users-thaidoantuan-workspace-frappe-dev-bench:default: Job OK (erp.local::scheduled_job::frappe.deferred_insert.save_to_db)
2025-10-07 20:05:02,555 Result is kept for 600 seconds
2025-10-07 20:05:02,559 Users-thaidoantuan-workspace-frappe-dev-bench:default: frappe.utils.background_jobs.execute_job(event=None, is_async=True, job_name='frappe.core.doctype.scheduled_job_type.scheduled_job_type.run_scheduled_jo..., kwargs={'job_type': 'frappe.email.doctype.email_account.email_account.notify_unrep..., method='frappe.core.doctype.scheduled_job_type.scheduled_job_type.run_scheduled_jo..., site='erp.local', user='Administrator') (erp.local::scheduled_job::frappe.email.doctype.email_account.email_account.notify_unreplied)
2025-10-07 20:05:02,670 Users-thaidoantuan-workspace-frappe-dev-bench:default: Job OK (erp.local::scheduled_job::frappe.email.doctype.email_account.email_account.notify_unreplied)
2025-10-07 20:05:02,671 Result is kept for 600 seconds
2025-10-07 20:05:02,674 Users-thaidoantuan-workspace-frappe-dev-bench:default: frappe.utils.background_jobs.execute_job(event=None, is_async=True, job_name='frappe.core.doctype.scheduled_job_type.scheduled_job_type.run_scheduled_jo..., kwargs={'job_type': 'frappe.model.utils.link_count.update_link_count'}, method='frappe.core.doctype.scheduled_job_type.scheduled_job_type.run_scheduled_jo..., site='erp.local', user='Administrator') (erp.local::scheduled_job::frappe.model.utils.link_count.update_link_count)
2025-10-07 20:05:02,777 Users-thaidoantuan-workspace-frappe-dev-bench:default: Job OK (erp.local::scheduled_job::frappe.model.utils.link_count.update_link_count)
2025-10-07 20:05:02,777 Result is kept for 600 seconds
2025-10-07 20:05:02,781 Users-thaidoantuan-workspace-frappe-dev-bench:default: frappe.utils.background_jobs.execute_job(event=None, is_async=True, job_name='frappe.core.doctype.scheduled_job_type.scheduled_job_type.run_scheduled_jo..., kwargs={'job_type': 'frappe.pulse.client.send_queued_events'}, method='frappe.core.doctype.scheduled_job_type.scheduled_job_type.run_scheduled_jo..., site='erp.local', user='Administrator') (erp.local::scheduled_job::frappe.pulse.client.send_queued_events)
2025-10-07 20:05:02,887 Users-thaidoantuan-workspace-frappe-dev-bench:default: Job OK (erp.local::scheduled_job::frappe.pulse.client.send_queued_events)
2025-10-07 20:05:02,887 Result is kept for 600 seconds
2025-10-07 20:05:02,892 Users-thaidoantuan-workspace-frappe-dev-bench:default: frappe.utils.background_jobs.execute_job(event=None, is_async=True, job_name='frappe.core.doctype.scheduled_job_type.scheduled_job_type.run_scheduled_jo..., kwargs={'job_type': 'frappe.search.sqlite_search.build_index_if_not_exists'}, method='frappe.core.doctype.scheduled_job_type.scheduled_job_type.run_scheduled_jo..., site='erp.local', user='Administrator') (erp.local::scheduled_job::frappe.search.sqlite_search.build_index_if_not_exists)
2025-10-07 20:05:02,994 Users-thaidoantuan-workspace-frappe-dev-bench:default: Job OK (erp.local::scheduled_job::frappe.search.sqlite_search.build_index_if_not_exists)
2025-10-07 20:05:02,994 Result is kept for 600 seconds
2025-10-07 20:05:02,998 Users-thaidoantuan-workspace-frappe-dev-bench:default: frappe.utils.background_jobs.execute_job(event=None, is_async=True, job_name='frappe.core.doctype.scheduled_job_type.scheduled_job_type.run_scheduled_jo..., kwargs={'job_type': 'erpnext.projects.doctype.project.project.hourly_reminder'}, method='frappe.core.doctype.scheduled_job_type.scheduled_job_type.run_scheduled_jo..., site='erp.local', user='Administrator') (erp.local::scheduled_job::erpnext.projects.doctype.project.project.hourly_reminder)
2025-10-07 20:05:03,112 Users-thaidoantuan-workspace-frappe-dev-bench:default: Job OK (erp.local::scheduled_job::erpnext.projects.doctype.project.project.hourly_reminder)
2025-10-07 20:05:03,112 Result is kept for 600 seconds
2025-10-07 20:05:03,117 Users-thaidoantuan-workspace-frappe-dev-bench:default: frappe.utils.background_jobs.execute_job(event=None, is_async=True, job_name='frappe.core.doctype.scheduled_job_type.scheduled_job_type.run_scheduled_jo..., kwargs={'job_type': 'frappe.automation.doctype.reminder.reminder.send_reminders'}, method='frappe.core.doctype.scheduled_job_type.scheduled_job_type.run_scheduled_jo..., site='erp.local', user='Administrator') (erp.local::scheduled_job::frappe.automation.doctype.reminder.reminder.send_reminders)
2025-10-07 20:05:03,248 Users-thaidoantuan-workspace-frappe-dev-bench:default: Job OK (erp.local::scheduled_job::frappe.automation.doctype.reminder.reminder.send_reminders)
2025-10-07 20:05:03,248 Result is kept for 600 seconds
2025-10-07 20:05:03,252 Users-thaidoantuan-workspace-frappe-dev-bench:default: frappe.utils.background_jobs.execute_job(event=None, is_async=True, job_name='frappe.core.doctype.scheduled_job_type.scheduled_job_type.run_scheduled_jo..., kwargs={'job_type': 'erpnext.manufacturing.doctype.bom_update_log.bom_update_log.r..., method='frappe.core.doctype.scheduled_job_type.scheduled_job_type.run_scheduled_jo..., site='erp.local', user='Administrator') (erp.local::scheduled_job::erpnext.manufacturing.doctype.bom_update_log.bom_update_log.resume_bom_cost_update_jobs)
2025-10-07 20:05:03,402 Users-thaidoantuan-workspace-frappe-dev-bench:default: Job OK (erp.local::scheduled_job::erpnext.manufacturing.doctype.bom_update_log.bom_update_log.resume_bom_cost_update_jobs)
2025-10-07 20:05:03,402 Result is kept for 600 seconds
2025-10-07 20:05:03,406 Users-thaidoantuan-workspace-frappe-dev-bench:default: frappe.utils.background_jobs.execute_job(event=None, is_async=True, job_name='frappe.core.doctype.scheduled_job_type.scheduled_job_type.run_scheduled_jo..., kwargs={'job_type': 'frappe.monitor.flush'}, method='frappe.core.doctype.scheduled_job_type.scheduled_job_type.run_scheduled_jo..., site='erp.local', user='Administrator') (erp.local::scheduled_job::frappe.monitor.flush)
2025-10-07 20:05:03,483 Users-thaidoantuan-workspace-frappe-dev-bench:default: Job OK (erp.local::scheduled_job::frappe.monitor.flush)
2025-10-07 20:05:03,483 Result is kept for 600 seconds
2025-10-07 20:05:03,487 Users-thaidoantuan-workspace-frappe-dev-bench:long: frappe.utils.background_jobs.execute_job(event=None, is_async=True, job_name='frappe.core.doctype.scheduled_job_type.scheduled_job_type.run_scheduled_jo..., kwargs={'job_type': 'frappe.core.doctype.prepared_report.prepared_report.expire_st..., method='frappe.core.doctype.scheduled_job_type.scheduled_job_type.run_scheduled_jo..., site='erp.local', user='Administrator') (erp.local::scheduled_job::frappe.core.doctype.prepared_report.prepared_report.expire_stalled_report)
2025-10-07 20:05:03,590 Users-thaidoantuan-workspace-frappe-dev-bench:long: Job OK (erp.local::scheduled_job::frappe.core.doctype.prepared_report.prepared_report.expire_stalled_report)
2025-10-07 20:05:03,590 Result is kept for 600 seconds
2025-10-07 20:05:03,594 Users-thaidoantuan-workspace-frappe-dev-bench:long: frappe.utils.background_jobs.execute_job(event=None, is_async=True, job_name='frappe.core.doctype.scheduled_job_type.scheduled_job_type.run_scheduled_jo..., kwargs={'job_type': 'frappe.desk.utils.delete_old_exported_report_files'}, method='frappe.core.doctype.scheduled_job_type.scheduled_job_type.run_scheduled_jo..., site='erp.local', user='Administrator') (erp.local::scheduled_job::frappe.desk.utils.delete_old_exported_report_files)
2025-10-07 20:05:03,718 Users-thaidoantuan-workspace-frappe-dev-bench:long: Job OK (erp.local::scheduled_job::frappe.desk.utils.delete_old_exported_report_files)
2025-10-07 20:05:03,718 Result is kept for 600 seconds
2025-10-07 20:05:03,723 Users-thaidoantuan-workspace-frappe-dev-bench:long: frappe.utils.background_jobs.execute_job(event=None, is_async=True, job_name='frappe.core.doctype.scheduled_job_type.scheduled_job_type.run_scheduled_jo..., kwargs={'job_type': 'frappe.desk.form.document_follow.send_hourly_updates'}, method='frappe.core.doctype.scheduled_job_type.scheduled_job_type.run_scheduled_jo..., site='erp.local', user='Administrator') (erp.local::scheduled_job::frappe.desk.form.document_follow.send_hourly_updates)
2025-10-07 20:05:03,833 Users-thaidoantuan-workspace-frappe-dev-bench:long: Job OK (erp.local::scheduled_job::frappe.desk.form.document_follow.send_hourly_updates)
2025-10-07 20:05:03,834 Result is kept for 600 seconds
2025-10-07 20:05:03,837 Users-thaidoantuan-workspace-frappe-dev-bench:long: frappe.utils.background_jobs.execute_job(event=None, is_async=True, job_name='frappe.core.doctype.scheduled_job_type.scheduled_job_type.run_scheduled_jo..., kwargs={'job_type': 'frappe.website.doctype.web_page.web_page.check_publish_status..., method='frappe.core.doctype.scheduled_job_type.scheduled_job_type.run_scheduled_jo..., site='erp.local', user='Administrator') (erp.local::scheduled_job::frappe.website.doctype.web_page.web_page.check_publish_status)
2025-10-07 20:05:03,961 Users-thaidoantuan-workspace-frappe-dev-bench:long: Job OK (erp.local::scheduled_job::frappe.website.doctype.web_page.web_page.check_publish_status)
2025-10-07 20:05:03,961 Result is kept for 600 seconds
2025-10-07 20:05:03,965 Users-thaidoantuan-workspace-frappe-dev-bench:long: frappe.utils.background_jobs.execute_job(event=None, is_async=True, job_name='frappe.core.doctype.scheduled_job_type.scheduled_job_type.run_scheduled_jo..., kwargs={'job_type': 'erpnext.stock.doctype.repost_item_valuation.repost_item_valua..., method='frappe.core.doctype.scheduled_job_type.scheduled_job_type.run_scheduled_jo..., site='erp.local', user='Administrator') (erp.local::scheduled_job::erpnext.stock.doctype.repost_item_valuation.repost_item_valuation.repost_entries)
2025-10-07 20:05:04,100 Users-thaidoantuan-workspace-frappe-dev-bench:long: Job OK (erp.local::scheduled_job::erpnext.stock.doctype.repost_item_valuation.repost_item_valuation.repost_entries)
2025-10-07 20:05:04,101 Result is kept for 600 seconds
2025-10-07 20:05:04,104 Users-thaidoantuan-workspace-frappe-dev-bench:long: frappe.utils.background_jobs.execute_job(event=None, is_async=True, job_name='frappe.core.doctype.scheduled_job_type.scheduled_job_type.run_scheduled_jo..., kwargs={'job_type': 'frappe.twofactor.delete_all_barcodes_for_users'}, method='frappe.core.doctype.scheduled_job_type.scheduled_job_type.run_scheduled_jo..., site='erp.local', user='Administrator') (erp.local::scheduled_job::frappe.twofactor.delete_all_barcodes_for_users)
2025-10-07 20:05:04,228 Users-thaidoantuan-workspace-frappe-dev-bench:long: Job OK (erp.local::scheduled_job::frappe.twofactor.delete_all_barcodes_for_users)
2025-10-07 20:05:04,228 Result is kept for 600 seconds
2025-10-07 20:05:04,232 Users-thaidoantuan-workspace-frappe-dev-bench:long: frappe.utils.background_jobs.execute_job(event=None, is_async=True, job_name='frappe.core.doctype.scheduled_job_type.scheduled_job_type.run_scheduled_jo..., kwargs={'job_type': 'erpnext.utilities.bulk_transaction.retry'}, method='frappe.core.doctype.scheduled_job_type.scheduled_job_type.run_scheduled_jo..., site='erp.local', user='Administrator') (erp.local::scheduled_job::erpnext.utilities.bulk_transaction.retry)
2025-10-07 20:05:04,363 Users-thaidoantuan-workspace-frappe-dev-bench:long: Job OK (erp.local::scheduled_job::erpnext.utilities.bulk_transaction.retry)
2025-10-07 20:05:04,363 Result is kept for 600 seconds
2025-10-07 20:05:04,367 Users-thaidoantuan-workspace-frappe-dev-bench:long: frappe.utils.background_jobs.execute_job(event=None, is_async=True, job_name='frappe.core.doctype.scheduled_job_type.scheduled_job_type.run_scheduled_jo..., kwargs={'job_type': 'frappe.website.doctype.personal_data_deletion_request.persona..., method='frappe.core.doctype.scheduled_job_type.scheduled_job_type.run_scheduled_jo..., site='erp.local', user='Administrator') (erp.local::scheduled_job::frappe.website.doctype.personal_data_deletion_request.personal_data_deletion_request.process_data_deletion_request)
2025-10-07 20:05:04,521 Users-thaidoantuan-workspace-frappe-dev-bench:long: Job OK (erp.local::scheduled_job::frappe.website.doctype.personal_data_deletion_request.personal_data_deletion_request.process_data_deletion_request)
2025-10-07 20:05:04,521 Result is kept for 600 seconds
2025-10-07 20:05:04,525 Users-thaidoantuan-workspace-frappe-dev-bench:long: frappe.utils.background_jobs.execute_job(event=None, is_async=True, job_name='frappe.core.doctype.scheduled_job_type.scheduled_job_type.run_scheduled_jo..., kwargs={'job_type': 'frappe.oauth.delete_oauth2_data'}, method='frappe.core.doctype.scheduled_job_type.scheduled_job_type.run_scheduled_jo..., site='erp.local', user='Administrator') (erp.local::scheduled_job::frappe.oauth.delete_oauth2_data)
2025-10-07 20:05:04,645 Users-thaidoantuan-workspace-frappe-dev-bench:long: Job OK (erp.local::scheduled_job::frappe.oauth.delete_oauth2_data)
2025-10-07 20:05:04,645 Result is kept for 600 seconds
2025-10-07 20:05:04,649 Users-thaidoantuan-workspace-frappe-dev-bench:long: frappe.utils.background_jobs.execute_job(event=None, is_async=True, job_name='frappe.core.doctype.scheduled_job_type.scheduled_job_type.run_scheduled_jo..., kwargs={'job_type': 'frappe.model.utils.user_settings.sync_user_settings'}, method='frappe.core.doctype.scheduled_job_type.scheduled_job_type.run_scheduled_jo..., site='erp.local', user='Administrator') (erp.local::scheduled_job::frappe.model.utils.user_settings.sync_user_settings)
2025-10-07 20:05:04,759 Users-thaidoantuan-workspace-frappe-dev-bench:long: Job OK (erp.local::scheduled_job::frappe.model.utils.user_settings.sync_user_settings)
2025-10-07 20:05:04,759 Result is kept for 600 seconds
2025-10-07 20:05:04,763 Users-thaidoantuan-workspace-frappe-dev-bench:long: frappe.utils.background_jobs.execute_job(event=None, is_async=True, job_name='frappe.core.doctype.scheduled_job_type.scheduled_job_type.run_scheduled_jo..., kwargs={'job_type': 'frappe.desk.page.backups.backups.delete_downloadable_backups'..., method='frappe.core.doctype.scheduled_job_type.scheduled_job_type.run_scheduled_jo..., site='erp.local', user='Administrator') (erp.local::scheduled_job::frappe.desk.page.backups.backups.delete_downloadable_backups)
2025-10-07 20:05:04,864 Users-thaidoantuan-workspace-frappe-dev-bench:long: Job OK (erp.local::scheduled_job::frappe.desk.page.backups.backups.delete_downloadable_backups)
2025-10-07 20:05:04,864 Result is kept for 600 seconds
2025-10-07 20:08:01,072 Users-thaidoantuan-workspace-frappe-dev-bench:default: frappe.utils.background_jobs.execute_job(event=None, is_async=True, job_name='frappe.core.doctype.scheduled_job_type.scheduled_job_type.run_scheduled_jo..., kwargs={'job_type': 'frappe.integrations.doctype.google_calendar.google_calendar.s..., method='frappe.core.doctype.scheduled_job_type.scheduled_job_type.run_scheduled_jo..., site='erp.local', user='Administrator') (erp.local::scheduled_job::frappe.integrations.doctype.google_calendar.google_calendar.sync)
2025-10-07 20:08:01,269 Users-thaidoantuan-workspace-frappe-dev-bench:default: Job OK (erp.local::scheduled_job::frappe.integrations.doctype.google_calendar.google_calendar.sync)
2025-10-07 20:08:01,269 Result is kept for 600 seconds
2025-10-07 20:08:01,274 Users-thaidoantuan-workspace-frappe-dev-bench:default: frappe.utils.background_jobs.execute_job(event=None, is_async=True, job_name='frappe.core.doctype.scheduled_job_type.scheduled_job_type.run_scheduled_jo..., kwargs={'job_type': 'frappe.monitor.flush'}, method='frappe.core.doctype.scheduled_job_type.scheduled_job_type.run_scheduled_jo..., site='erp.local', user='Administrator') (erp.local::scheduled_job::frappe.monitor.flush)
2025-10-07 20:08:01,372 Users-thaidoantuan-workspace-frappe-dev-bench:default: Job OK (erp.local::scheduled_job::frappe.monitor.flush)
2025-10-07 20:08:01,372 Result is kept for 600 seconds
2025-10-07 20:08:01,377 Users-thaidoantuan-workspace-frappe-dev-bench:default: frappe.utils.background_jobs.execute_job(event=None, is_async=True, job_name='frappe.core.doctype.scheduled_job_type.scheduled_job_type.run_scheduled_jo..., kwargs={'job_type': 'frappe.email.queue.flush'}, method='frappe.core.doctype.scheduled_job_type.scheduled_job_type.run_scheduled_jo..., site='erp.local', user='Administrator') (erp.local::scheduled_job::frappe.email.queue.flush)
2025-10-07 20:08:01,523 Users-thaidoantuan-workspace-frappe-dev-bench:default: Job OK (erp.local::scheduled_job::frappe.email.queue.flush)
2025-10-07 20:08:01,523 Result is kept for 600 seconds
2025-10-07 20:08:01,529 Users-thaidoantuan-workspace-frappe-dev-bench:default: frappe.utils.background_jobs.execute_job(event=None, is_async=True, job_name='frappe.core.doctype.scheduled_job_type.scheduled_job_type.run_scheduled_jo..., kwargs={'job_type': 'frappe.email.queue.retry_sending_emails'}, method='frappe.core.doctype.scheduled_job_type.scheduled_job_type.run_scheduled_jo..., site='erp.local', user='Administrator') (erp.local::scheduled_job::frappe.email.queue.retry_sending_emails)
2025-10-07 20:08:01,630 Users-thaidoantuan-workspace-frappe-dev-bench:default: Job OK (erp.local::scheduled_job::frappe.email.queue.retry_sending_emails)
2025-10-07 20:08:01,630 Result is kept for 600 seconds
2025-10-07 20:10:01,364 Users-thaidoantuan-workspace-frappe-dev-bench:default: frappe.utils.background_jobs.execute_job(event=None, is_async=True, job_name='frappe.core.doctype.scheduled_job_type.scheduled_job_type.run_scheduled_jo..., kwargs={'job_type': 'frappe.email.doctype.email_account.email_account.pull'}, method='frappe.core.doctype.scheduled_job_type.scheduled_job_type.run_scheduled_jo..., site='erp.local', user='Administrator') (erp.local::scheduled_job::frappe.email.doctype.email_account.email_account.pull)
2025-10-07 20:10:01,594 Users-thaidoantuan-workspace-frappe-dev-bench:default: Job OK (erp.local::scheduled_job::frappe.email.doctype.email_account.email_account.pull)
2025-10-07 20:10:01,595 Result is kept for 600 seconds
2025-10-07 20:12:01,538 Users-thaidoantuan-workspace-frappe-dev-bench:default: frappe.utils.background_jobs.execute_job(event=None, is_async=True, job_name='frappe.core.doctype.scheduled_job_type.scheduled_job_type.run_scheduled_jo..., kwargs={'job_type': 'frappe.monitor.flush'}, method='frappe.core.doctype.scheduled_job_type.scheduled_job_type.run_scheduled_jo..., site='erp.local', user='Administrator') (erp.local::scheduled_job::frappe.monitor.flush)
2025-10-07 20:12:01,687 Users-thaidoantuan-workspace-frappe-dev-bench:default: Job OK (erp.local::scheduled_job::frappe.monitor.flush)
2025-10-07 20:12:01,688 Result is kept for 600 seconds
2025-10-07 20:12:01,693 Users-thaidoantuan-workspace-frappe-dev-bench:default: frappe.utils.background_jobs.execute_job(event=None, is_async=True, job_name='frappe.core.doctype.scheduled_job_type.scheduled_job_type.run_scheduled_jo..., kwargs={'job_type': 'frappe.email.queue.retry_sending_emails'}, method='frappe.core.doctype.scheduled_job_type.scheduled_job_type.run_scheduled_jo..., site='erp.local', user='Administrator') (erp.local::scheduled_job::frappe.email.queue.retry_sending_emails)
2025-10-07 20:12:01,784 Users-thaidoantuan-workspace-frappe-dev-bench:default: Job OK (erp.local::scheduled_job::frappe.email.queue.retry_sending_emails)
2025-10-07 20:12:01,785 Result is kept for 600 seconds
2025-10-07 20:12:01,788 Users-thaidoantuan-workspace-frappe-dev-bench:default: frappe.utils.background_jobs.execute_job(event=None, is_async=True, job_name='frappe.core.doctype.scheduled_job_type.scheduled_job_type.run_scheduled_jo..., kwargs={'job_type': 'frappe.integrations.doctype.google_calendar.google_calendar.s..., method='frappe.core.doctype.scheduled_job_type.scheduled_job_type.run_scheduled_jo..., site='erp.local', user='Administrator') (erp.local::scheduled_job::frappe.integrations.doctype.google_calendar.google_calendar.sync)
2025-10-07 20:12:01,921 Users-thaidoantuan-workspace-frappe-dev-bench:default: Job OK (erp.local::scheduled_job::frappe.integrations.doctype.google_calendar.google_calendar.sync)
2025-10-07 20:12:01,921 Result is kept for 600 seconds
2025-10-07 20:12:01,926 Users-thaidoantuan-workspace-frappe-dev-bench:default: frappe.utils.background_jobs.execute_job(event=None, is_async=True, job_name='frappe.core.doctype.scheduled_job_type.scheduled_job_type.run_scheduled_jo..., kwargs={'job_type': 'frappe.email.queue.flush'}, method='frappe.core.doctype.scheduled_job_type.scheduled_job_type.run_scheduled_jo..., site='erp.local', user='Administrator') (erp.local::scheduled_job::frappe.email.queue.flush)
2025-10-07 20:12:02,066 Users-thaidoantuan-workspace-frappe-dev-bench:default: Job OK (erp.local::scheduled_job::frappe.email.queue.flush)
2025-10-07 20:12:02,066 Result is kept for 600 seconds
2025-10-07 20:30:12,713 Users-thaidoantuan-workspace-frappe-dev-bench:default: frappe.utils.background_jobs.execute_job(event=None, is_async=True, job_name='frappe.core.doctype.scheduled_job_type.scheduled_job_type.run_scheduled_jo..., kwargs={'job_type': 'frappe.utils.global_search.sync_global_search'}, method='frappe.core.doctype.scheduled_job_type.scheduled_job_type.run_scheduled_jo..., site='erp.local', user='Administrator') (erp.local::scheduled_job::frappe.utils.global_search.sync_global_search)
2025-10-07 20:30:12,912 Users-thaidoantuan-workspace-frappe-dev-bench:default: Job OK (erp.local::scheduled_job::frappe.utils.global_search.sync_global_search)
2025-10-07 20:30:12,912 Result is kept for 600 seconds
2025-10-07 20:30:12,917 Users-thaidoantuan-workspace-frappe-dev-bench:default: frappe.utils.background_jobs.execute_job(event=None, is_async=True, job_name='frappe.core.doctype.scheduled_job_type.scheduled_job_type.run_scheduled_jo..., kwargs={'job_type': 'erpnext.utilities.doctype.video.video.update_youtube_data'}, method='frappe.core.doctype.scheduled_job_type.scheduled_job_type.run_scheduled_jo..., site='erp.local', user='Administrator') (erp.local::scheduled_job::erpnext.utilities.doctype.video.video.update_youtube_data)
2025-10-07 20:30:13,092 Users-thaidoantuan-workspace-frappe-dev-bench:default: Job OK (erp.local::scheduled_job::erpnext.utilities.doctype.video.video.update_youtube_data)
2025-10-07 20:30:13,092 Result is kept for 600 seconds
2025-10-07 20:30:13,097 Users-thaidoantuan-workspace-frappe-dev-bench:default: frappe.utils.background_jobs.execute_job(event=None, is_async=True, job_name='frappe.core.doctype.scheduled_job_type.scheduled_job_type.run_scheduled_jo..., kwargs={'job_type': 'frappe.email.queue.retry_sending_emails'}, method='frappe.core.doctype.scheduled_job_type.scheduled_job_type.run_scheduled_jo..., site='erp.local', user='Administrator') (erp.local::scheduled_job::frappe.email.queue.retry_sending_emails)
2025-10-07 20:30:13,196 Users-thaidoantuan-workspace-frappe-dev-bench:default: Job OK (erp.local::scheduled_job::frappe.email.queue.retry_sending_emails)
2025-10-07 20:30:13,196 Result is kept for 600 seconds
2025-10-07 20:30:13,201 Users-thaidoantuan-workspace-frappe-dev-bench:default: frappe.utils.background_jobs.execute_job(event=None, is_async=True, job_name='frappe.core.doctype.scheduled_job_type.scheduled_job_type.run_scheduled_jo..., kwargs={'job_type': 'frappe.deferred_insert.save_to_db'}, method='frappe.core.doctype.scheduled_job_type.scheduled_job_type.run_scheduled_jo..., site='erp.local', user='Administrator') (erp.local::scheduled_job::frappe.deferred_insert.save_to_db)
2025-10-07 20:30:13,352 Users-thaidoantuan-workspace-frappe-dev-bench:default: Job OK (erp.local::scheduled_job::frappe.deferred_insert.save_to_db)
2025-10-07 20:30:13,352 Result is kept for 600 seconds
2025-10-07 20:30:13,356 Users-thaidoantuan-workspace-frappe-dev-bench:default: frappe.utils.background_jobs.execute_job(event=None, is_async=True, job_name='frappe.core.doctype.scheduled_job_type.scheduled_job_type.run_scheduled_jo..., kwargs={'job_type': 'frappe.model.utils.link_count.update_link_count'}, method='frappe.core.doctype.scheduled_job_type.scheduled_job_type.run_scheduled_jo..., site='erp.local', user='Administrator') (erp.local::scheduled_job::frappe.model.utils.link_count.update_link_count)
2025-10-07 20:30:13,454 Users-thaidoantuan-workspace-frappe-dev-bench:default: Job OK (erp.local::scheduled_job::frappe.model.utils.link_count.update_link_count)
2025-10-07 20:30:13,455 Result is kept for 600 seconds
2025-10-07 20:30:13,459 Users-thaidoantuan-workspace-frappe-dev-bench:default: frappe.utils.background_jobs.execute_job(event=None, is_async=True, job_name='frappe.core.doctype.scheduled_job_type.scheduled_job_type.run_scheduled_jo..., kwargs={'job_type': 'frappe.pulse.client.send_queued_events'}, method='frappe.core.doctype.scheduled_job_type.scheduled_job_type.run_scheduled_jo..., site='erp.local', user='Administrator') (erp.local::scheduled_job::frappe.pulse.client.send_queued_events)
2025-10-07 20:30:13,564 Users-thaidoantuan-workspace-frappe-dev-bench:default: Job OK (erp.local::scheduled_job::frappe.pulse.client.send_queued_events)
2025-10-07 20:30:13,564 Result is kept for 600 seconds
2025-10-07 20:30:13,568 Users-thaidoantuan-workspace-frappe-dev-bench:default: frappe.utils.background_jobs.execute_job(event=None, is_async=True, job_name='frappe.core.doctype.scheduled_job_type.scheduled_job_type.run_scheduled_jo..., kwargs={'job_type': 'frappe.email.doctype.email_account.email_account.pull'}, method='frappe.core.doctype.scheduled_job_type.scheduled_job_type.run_scheduled_jo..., site='erp.local', user='Administrator') (erp.local::scheduled_job::frappe.email.doctype.email_account.email_account.pull)
2025-10-07 20:37:13,095 Users-thaidoantuan-workspace-frappe-dev-bench:default: Job OK (erp.local::scheduled_job::frappe.email.doctype.email_account.email_account.pull)
2025-10-07 20:37:13,096 Result is kept for 600 seconds
2025-10-07 20:37:13,099 Users-thaidoantuan-workspace-frappe-dev-bench:default: frappe.utils.background_jobs.execute_job(event=None, is_async=True, job_name='frappe.core.doctype.scheduled_job_type.scheduled_job_type.run_scheduled_jo..., kwargs={'job_type': 'frappe.search.sqlite_search.build_index_if_not_exists'}, method='frappe.core.doctype.scheduled_job_type.scheduled_job_type.run_scheduled_jo..., site='erp.local', user='Administrator') (erp.local::scheduled_job::frappe.search.sqlite_search.build_index_if_not_exists)
2025-10-07 20:37:13,209 Users-thaidoantuan-workspace-frappe-dev-bench:default: Job OK (erp.local::scheduled_job::frappe.search.sqlite_search.build_index_if_not_exists)
2025-10-07 20:37:13,209 Result is kept for 600 seconds
2025-10-07 20:37:13,212 Users-thaidoantuan-workspace-frappe-dev-bench:default: frappe.utils.background_jobs.execute_job(event=None, is_async=True, job_name='frappe.core.doctype.scheduled_job_type.scheduled_job_type.run_scheduled_jo..., kwargs={'job_type': 'frappe.monitor.flush'}, method='frappe.core.doctype.scheduled_job_type.scheduled_job_type.run_scheduled_jo..., site='erp.local', user='Administrator') (erp.local::scheduled_job::frappe.monitor.flush)
2025-10-07 20:37:13,287 Users-thaidoantuan-workspace-frappe-dev-bench:default: Job OK (erp.local::scheduled_job::frappe.monitor.flush)
2025-10-07 20:37:13,288 Result is kept for 600 seconds
2025-10-07 20:37:13,291 Users-thaidoantuan-workspace-frappe-dev-bench:default: frappe.utils.background_jobs.execute_job(event=None, is_async=True, job_name='frappe.core.doctype.scheduled_job_type.scheduled_job_type.run_scheduled_jo..., kwargs={'job_type': 'frappe.automation.doctype.reminder.reminder.send_reminders'}, method='frappe.core.doctype.scheduled_job_type.scheduled_job_type.run_scheduled_jo..., site='erp.local', user='Administrator') (erp.local::scheduled_job::frappe.automation.doctype.reminder.reminder.send_reminders)
2025-10-07 20:37:13,402 Users-thaidoantuan-workspace-frappe-dev-bench:default: Job OK (erp.local::scheduled_job::frappe.automation.doctype.reminder.reminder.send_reminders)
2025-10-07 20:37:13,402 Result is kept for 600 seconds
2025-10-07 20:37:13,409 Users-thaidoantuan-workspace-frappe-dev-bench:default: frappe.utils.background_jobs.execute_job(event=None, is_async=True, job_name='frappe.core.doctype.scheduled_job_type.scheduled_job_type.run_scheduled_jo..., kwargs={'job_type': 'erpnext.manufacturing.doctype.bom_update_log.bom_update_log.r..., method='frappe.core.doctype.scheduled_job_type.scheduled_job_type.run_scheduled_jo..., site='erp.local', user='Administrator') (erp.local::scheduled_job::erpnext.manufacturing.doctype.bom_update_log.bom_update_log.resume_bom_cost_update_jobs)
2025-10-07 20:37:13,595 Users-thaidoantuan-workspace-frappe-dev-bench:default: Job OK (erp.local::scheduled_job::erpnext.manufacturing.doctype.bom_update_log.bom_update_log.resume_bom_cost_update_jobs)
2025-10-07 20:37:13,596 Result is kept for 600 seconds
2025-10-07 20:37:13,600 Users-thaidoantuan-workspace-frappe-dev-bench:default: frappe.utils.background_jobs.execute_job(event=None, is_async=True, job_name='frappe.core.doctype.scheduled_job_type.scheduled_job_type.run_scheduled_jo..., kwargs={'job_type': 'frappe.email.queue.flush'}, method='frappe.core.doctype.scheduled_job_type.scheduled_job_type.run_scheduled_jo..., site='erp.local', user='Administrator') (erp.local::scheduled_job::frappe.email.queue.flush)
2025-10-07 20:37:13,738 Users-thaidoantuan-workspace-frappe-dev-bench:default: Job OK (erp.local::scheduled_job::frappe.email.queue.flush)
2025-10-07 20:37:13,738 Result is kept for 600 seconds
2025-10-07 20:37:13,743 Users-thaidoantuan-workspace-frappe-dev-bench:default: frappe.utils.background_jobs.execute_job(event=None, is_async=True, job_name='frappe.core.doctype.scheduled_job_type.scheduled_job_type.run_scheduled_jo..., kwargs={'job_type': 'frappe.email.doctype.email_account.email_account.notify_unrep..., method='frappe.core.doctype.scheduled_job_type.scheduled_job_type.run_scheduled_jo..., site='erp.local', user='Administrator') (erp.local::scheduled_job::frappe.email.doctype.email_account.email_account.notify_unreplied)
2025-10-07 20:37:13,855 Users-thaidoantuan-workspace-frappe-dev-bench:default: Job OK (erp.local::scheduled_job::frappe.email.doctype.email_account.email_account.notify_unreplied)
2025-10-07 20:37:13,855 Result is kept for 600 seconds
2025-10-07 20:37:13,860 Users-thaidoantuan-workspace-frappe-dev-bench:default: frappe.utils.background_jobs.execute_job(event=None, is_async=True, job_name='frappe.core.doctype.scheduled_job_type.scheduled_job_type.run_scheduled_jo..., kwargs={'job_type': 'frappe.integrations.doctype.google_calendar.google_calendar.s..., method='frappe.core.doctype.scheduled_job_type.scheduled_job_type.run_scheduled_jo..., site='erp.local', user='Administrator') (erp.local::scheduled_job::frappe.integrations.doctype.google_calendar.google_calendar.sync)
2025-10-07 20:37:13,989 Users-thaidoantuan-workspace-frappe-dev-bench:default: Job OK (erp.local::scheduled_job::frappe.integrations.doctype.google_calendar.google_calendar.sync)
2025-10-07 20:37:13,989 Result is kept for 600 seconds
2025-10-07 20:37:13,993 Users-thaidoantuan-workspace-frappe-dev-bench:default: frappe.utils.background_jobs.execute_job(event=None, is_async=True, job_name='frappe.core.doctype.scheduled_job_type.scheduled_job_type.run_scheduled_jo..., kwargs={'job_type': 'erpnext.accounts.doctype.gl_entry.gl_entry.rename_gle_sle_doc..., method='frappe.core.doctype.scheduled_job_type.scheduled_job_type.run_scheduled_jo..., site='erp.local', user='Administrator') (erp.local::scheduled_job::erpnext.accounts.doctype.gl_entry.gl_entry.rename_gle_sle_docs)
2025-10-07 20:37:14,133 Users-thaidoantuan-workspace-frappe-dev-bench:default: Job OK (erp.local::scheduled_job::erpnext.accounts.doctype.gl_entry.gl_entry.rename_gle_sle_docs)
2025-10-07 20:37:14,133 Result is kept for 600 seconds
2025-10-07 21:15:45,167 Cleaning registries for queue: Users-thaidoantuan-workspace-frappe-dev-bench:short
2025-10-07 21:15:45,172 Cleaning registries for queue: Users-thaidoantuan-workspace-frappe-dev-bench:default
2025-10-07 21:15:45,174 Cleaning registries for queue: Users-thaidoantuan-workspace-frappe-dev-bench:long
2025-10-07 22:31:03,337 Cleaning registries for queue: Users-thaidoantuan-workspace-frappe-dev-bench:short
2025-10-07 22:31:03,339 Cleaning registries for queue: Users-thaidoantuan-workspace-frappe-dev-bench:default
2025-10-07 22:31:03,341 Cleaning registries for queue: Users-thaidoantuan-workspace-frappe-dev-bench:long
2025-10-07 22:46:53,143 Users-thaidoantuan-workspace-frappe-dev-bench:long: frappe.utils.background_jobs.execute_job(event=None, is_async=True, job_name='frappe.core.doctype.scheduled_job_type.scheduled_job_type.run_scheduled_jo..., kwargs={'job_type': 'frappe.desk.form.document_follow.send_hourly_updates'}, method='frappe.core.doctype.scheduled_job_type.scheduled_job_type.run_scheduled_jo..., site='erp.local', user='Administrator') (erp.local::scheduled_job::frappe.desk.form.document_follow.send_hourly_updates)
2025-10-07 22:46:53,367 Users-thaidoantuan-workspace-frappe-dev-bench:long: Job OK (erp.local::scheduled_job::frappe.desk.form.document_follow.send_hourly_updates)
2025-10-07 22:46:53,367 Result is kept for 600 seconds
2025-10-07 22:46:53,375 Users-thaidoantuan-workspace-frappe-dev-bench:default: frappe.utils.background_jobs.execute_job(event=None, is_async=True, job_name='frappe.core.doctype.scheduled_job_type.scheduled_job_type.run_scheduled_jo..., kwargs={'job_type': 'erpnext.manufacturing.doctype.bom_update_log.bom_update_log.r..., method='frappe.core.doctype.scheduled_job_type.scheduled_job_type.run_scheduled_jo..., site='erp.local', user='Administrator') (erp.local::scheduled_job::erpnext.manufacturing.doctype.bom_update_log.bom_update_log.resume_bom_cost_update_jobs)
2025-10-07 22:46:53,504 Users-thaidoantuan-workspace-frappe-dev-bench:default: Job OK (erp.local::scheduled_job::erpnext.manufacturing.doctype.bom_update_log.bom_update_log.resume_bom_cost_update_jobs)
2025-10-07 22:46:53,505 Result is kept for 600 seconds
2025-10-07 22:46:53,508 Users-thaidoantuan-workspace-frappe-dev-bench:default: frappe.utils.background_jobs.execute_job(event=None, is_async=True, job_name='frappe.core.doctype.scheduled_job_type.scheduled_job_type.run_scheduled_jo..., kwargs={'job_type': 'frappe.search.sqlite_search.build_index_if_not_exists'}, method='frappe.core.doctype.scheduled_job_type.scheduled_job_type.run_scheduled_jo..., site='erp.local', user='Administrator') (erp.local::scheduled_job::frappe.search.sqlite_search.build_index_if_not_exists)
2025-10-07 22:46:53,618 Users-thaidoantuan-workspace-frappe-dev-bench:default: Job OK (erp.local::scheduled_job::frappe.search.sqlite_search.build_index_if_not_exists)
2025-10-07 22:46:53,619 Result is kept for 600 seconds
2025-10-07 22:46:53,623 Users-thaidoantuan-workspace-frappe-dev-bench:default: frappe.utils.background_jobs.execute_job(event=None, is_async=True, job_name='frappe.core.doctype.scheduled_job_type.scheduled_job_type.run_scheduled_jo..., kwargs={'job_type': 'erpnext.projects.doctype.project.project.project_status_updat..., method='frappe.core.doctype.scheduled_job_type.scheduled_job_type.run_scheduled_jo..., site='erp.local', user='Administrator') (erp.local::scheduled_job::erpnext.projects.doctype.project.project.project_status_update_reminder)
2025-10-07 22:46:53,750 Users-thaidoantuan-workspace-frappe-dev-bench:default: Job OK (erp.local::scheduled_job::erpnext.projects.doctype.project.project.project_status_update_reminder)
2025-10-07 22:46:53,750 Result is kept for 600 seconds
2025-10-07 22:46:53,755 Users-thaidoantuan-workspace-frappe-dev-bench:default: frappe.utils.background_jobs.execute_job(event=None, is_async=True, job_name='frappe.core.doctype.scheduled_job_type.scheduled_job_type.run_scheduled_jo..., kwargs={'job_type': 'frappe.email.doctype.email_account.email_account.pull'}, method='frappe.core.doctype.scheduled_job_type.scheduled_job_type.run_scheduled_jo..., site='erp.local', user='Administrator') (erp.local::scheduled_job::frappe.email.doctype.email_account.email_account.pull)
2025-10-07 22:46:53,890 Users-thaidoantuan-workspace-frappe-dev-bench:default: Job OK (erp.local::scheduled_job::frappe.email.doctype.email_account.email_account.pull)
2025-10-07 22:46:53,890 Result is kept for 600 seconds
2025-10-07 22:46:53,895 Users-thaidoantuan-workspace-frappe-dev-bench:default: frappe.utils.background_jobs.execute_job(event=None, is_async=True, job_name='frappe.core.doctype.scheduled_job_type.scheduled_job_type.run_scheduled_jo..., kwargs={'job_type': 'frappe.email.queue.retry_sending_emails'}, method='frappe.core.doctype.scheduled_job_type.scheduled_job_type.run_scheduled_jo..., site='erp.local', user='Administrator') (erp.local::scheduled_job::frappe.email.queue.retry_sending_emails)
2025-10-07 22:46:53,989 Users-thaidoantuan-workspace-frappe-dev-bench:default: Job OK (erp.local::scheduled_job::frappe.email.queue.retry_sending_emails)
2025-10-07 22:46:53,990 Result is kept for 600 seconds
2025-10-07 22:46:53,994 Users-thaidoantuan-workspace-frappe-dev-bench:default: frappe.utils.background_jobs.execute_job(event=None, is_async=True, job_name='frappe.core.doctype.scheduled_job_type.scheduled_job_type.run_scheduled_jo..., kwargs={'job_type': 'erpnext.erpnext_integrations.doctype.plaid_settings.plaid_set..., method='frappe.core.doctype.scheduled_job_type.scheduled_job_type.run_scheduled_jo..., site='erp.local', user='Administrator') (erp.local::scheduled_job::erpnext.erpnext_integrations.doctype.plaid_settings.plaid_settings.automatic_synchronization)
2025-10-07 22:46:54,111 Users-thaidoantuan-workspace-frappe-dev-bench:default: Job OK (erp.local::scheduled_job::erpnext.erpnext_integrations.doctype.plaid_settings.plaid_settings.automatic_synchronization)
2025-10-07 22:46:54,111 Result is kept for 600 seconds
2025-10-07 22:46:54,115 Users-thaidoantuan-workspace-frappe-dev-bench:default: frappe.utils.background_jobs.execute_job(event=None, is_async=True, job_name='frappe.core.doctype.scheduled_job_type.scheduled_job_type.run_scheduled_jo..., kwargs={'job_type': 'erpnext.utilities.doctype.video.video.update_youtube_data'}, method='frappe.core.doctype.scheduled_job_type.scheduled_job_type.run_scheduled_jo..., site='erp.local', user='Administrator') (erp.local::scheduled_job::erpnext.utilities.doctype.video.video.update_youtube_data)
2025-10-07 22:46:54,258 Users-thaidoantuan-workspace-frappe-dev-bench:default: Job OK (erp.local::scheduled_job::erpnext.utilities.doctype.video.video.update_youtube_data)
2025-10-07 22:46:54,258 Result is kept for 600 seconds
2025-10-07 22:46:54,262 Users-thaidoantuan-workspace-frappe-dev-bench:default: frappe.utils.background_jobs.execute_job(event=None, is_async=True, job_name='frappe.core.doctype.scheduled_job_type.scheduled_job_type.run_scheduled_jo..., kwargs={'job_type': 'frappe.model.utils.link_count.update_link_count'}, method='frappe.core.doctype.scheduled_job_type.scheduled_job_type.run_scheduled_jo..., site='erp.local', user='Administrator') (erp.local::scheduled_job::frappe.model.utils.link_count.update_link_count)
2025-10-07 22:46:54,363 Users-thaidoantuan-workspace-frappe-dev-bench:default: Job OK (erp.local::scheduled_job::frappe.model.utils.link_count.update_link_count)
2025-10-07 22:46:54,364 Result is kept for 600 seconds
2025-10-07 22:46:54,368 Users-thaidoantuan-workspace-frappe-dev-bench:default: frappe.utils.background_jobs.execute_job(event=None, is_async=True, job_name='frappe.core.doctype.scheduled_job_type.scheduled_job_type.run_scheduled_jo..., kwargs={'job_type': 'frappe.automation.doctype.reminder.reminder.send_reminders'}, method='frappe.core.doctype.scheduled_job_type.scheduled_job_type.run_scheduled_jo..., site='erp.local', user='Administrator') (erp.local::scheduled_job::frappe.automation.doctype.reminder.reminder.send_reminders)
2025-10-07 22:46:54,510 Users-thaidoantuan-workspace-frappe-dev-bench:default: Job OK (erp.local::scheduled_job::frappe.automation.doctype.reminder.reminder.send_reminders)
2025-10-07 22:46:54,512 Result is kept for 600 seconds
2025-10-07 22:46:54,518 Users-thaidoantuan-workspace-frappe-dev-bench:default: frappe.utils.background_jobs.execute_job(event=None, is_async=True, job_name='frappe.core.doctype.scheduled_job_type.scheduled_job_type.run_scheduled_jo..., kwargs={'job_type': 'frappe.integrations.doctype.google_calendar.google_calendar.s..., method='frappe.core.doctype.scheduled_job_type.scheduled_job_type.run_scheduled_jo..., site='erp.local', user='Administrator') (erp.local::scheduled_job::frappe.integrations.doctype.google_calendar.google_calendar.sync)
2025-10-07 22:46:54,666 Users-thaidoantuan-workspace-frappe-dev-bench:default: Job OK (erp.local::scheduled_job::frappe.integrations.doctype.google_calendar.google_calendar.sync)
2025-10-07 22:46:54,666 Result is kept for 600 seconds
2025-10-07 22:46:54,672 Users-thaidoantuan-workspace-frappe-dev-bench:default: frappe.utils.background_jobs.execute_job(event=None, is_async=True, job_name='frappe.core.doctype.scheduled_job_type.scheduled_job_type.run_scheduled_jo..., kwargs={'job_type': 'erpnext.projects.doctype.project.project.collect_project_stat..., method='frappe.core.doctype.scheduled_job_type.scheduled_job_type.run_scheduled_jo..., site='erp.local', user='Administrator') (erp.local::scheduled_job::erpnext.projects.doctype.project.project.collect_project_status)
2025-10-07 22:46:54,806 Users-thaidoantuan-workspace-frappe-dev-bench:default: Job OK (erp.local::scheduled_job::erpnext.projects.doctype.project.project.collect_project_status)
2025-10-07 22:46:54,806 Result is kept for 600 seconds
2025-10-07 22:46:54,810 Users-thaidoantuan-workspace-frappe-dev-bench:default: frappe.utils.background_jobs.execute_job(event=None, is_async=True, job_name='frappe.core.doctype.scheduled_job_type.scheduled_job_type.run_scheduled_jo..., kwargs={'job_type': 'frappe.email.doctype.newsletter.newsletter.send_scheduled_ema..., method='frappe.core.doctype.scheduled_job_type.scheduled_job_type.run_scheduled_jo..., site='erp.local', user='Administrator') (erp.local::scheduled_job::frappe.email.doctype.newsletter.newsletter.send_scheduled_email)
2025-10-07 22:46:54,937 Users-thaidoantuan-workspace-frappe-dev-bench:default: Job OK (erp.local::scheduled_job::frappe.email.doctype.newsletter.newsletter.send_scheduled_email)
2025-10-07 22:46:54,937 Result is kept for 600 seconds
2025-10-07 22:46:54,942 Users-thaidoantuan-workspace-frappe-dev-bench:default: frappe.utils.background_jobs.execute_job(event=None, is_async=True, job_name='frappe.core.doctype.scheduled_job_type.scheduled_job_type.run_scheduled_jo..., kwargs={'job_type': 'frappe.utils.global_search.sync_global_search'}, method='frappe.core.doctype.scheduled_job_type.scheduled_job_type.run_scheduled_jo..., site='erp.local', user='Administrator') (erp.local::scheduled_job::frappe.utils.global_search.sync_global_search)
2025-10-07 22:46:55,060 Users-thaidoantuan-workspace-frappe-dev-bench:default: Job OK (erp.local::scheduled_job::frappe.utils.global_search.sync_global_search)
2025-10-07 22:46:55,060 Result is kept for 600 seconds
2025-10-07 22:46:55,069 Users-thaidoantuan-workspace-frappe-dev-bench:default: frappe.utils.background_jobs.execute_job(event=None, is_async=True, job_name='frappe.core.doctype.scheduled_job_type.scheduled_job_type.run_scheduled_jo..., kwargs={'job_type': 'frappe.monitor.flush'}, method='frappe.core.doctype.scheduled_job_type.scheduled_job_type.run_scheduled_jo..., site='erp.local', user='Administrator') (erp.local::scheduled_job::frappe.monitor.flush)
2025-10-07 22:46:55,160 Users-thaidoantuan-workspace-frappe-dev-bench:default: Job OK (erp.local::scheduled_job::frappe.monitor.flush)
2025-10-07 22:46:55,161 Result is kept for 600 seconds
2025-10-07 22:46:55,164 Users-thaidoantuan-workspace-frappe-dev-bench:default: frappe.utils.background_jobs.execute_job(event=None, is_async=True, job_name='frappe.core.doctype.scheduled_job_type.scheduled_job_type.run_scheduled_jo..., kwargs={'job_type': 'erpnext.accounts.doctype.gl_entry.gl_entry.rename_gle_sle_doc..., method='frappe.core.doctype.scheduled_job_type.scheduled_job_type.run_scheduled_jo..., site='erp.local', user='Administrator') (erp.local::scheduled_job::erpnext.accounts.doctype.gl_entry.gl_entry.rename_gle_sle_docs)
2025-10-07 22:46:55,288 Users-thaidoantuan-workspace-frappe-dev-bench:default: Job OK (erp.local::scheduled_job::erpnext.accounts.doctype.gl_entry.gl_entry.rename_gle_sle_docs)
2025-10-07 22:46:55,289 Result is kept for 600 seconds
2025-10-07 22:46:55,292 Users-thaidoantuan-workspace-frappe-dev-bench:default: frappe.utils.background_jobs.execute_job(event=None, is_async=True, job_name='frappe.core.doctype.scheduled_job_type.scheduled_job_type.run_scheduled_jo..., kwargs={'job_type': 'frappe.email.doctype.email_account.email_account.notify_unrep..., method='frappe.core.doctype.scheduled_job_type.scheduled_job_type.run_scheduled_jo..., site='erp.local', user='Administrator') (erp.local::scheduled_job::frappe.email.doctype.email_account.email_account.notify_unreplied)
2025-10-07 22:46:55,404 Users-thaidoantuan-workspace-frappe-dev-bench:default: Job OK (erp.local::scheduled_job::frappe.email.doctype.email_account.email_account.notify_unreplied)
2025-10-07 22:46:55,405 Result is kept for 600 seconds
2025-10-07 22:46:55,409 Users-thaidoantuan-workspace-frappe-dev-bench:default: frappe.utils.background_jobs.execute_job(event=None, is_async=True, job_name='frappe.core.doctype.scheduled_job_type.scheduled_job_type.run_scheduled_jo..., kwargs={'job_type': 'frappe.deferred_insert.save_to_db'}, method='frappe.core.doctype.scheduled_job_type.scheduled_job_type.run_scheduled_jo..., site='erp.local', user='Administrator') (erp.local::scheduled_job::frappe.deferred_insert.save_to_db)
2025-10-07 22:46:55,512 Users-thaidoantuan-workspace-frappe-dev-bench:default: Job OK (erp.local::scheduled_job::frappe.deferred_insert.save_to_db)
2025-10-07 22:46:55,512 Result is kept for 600 seconds
2025-10-07 22:46:55,517 Users-thaidoantuan-workspace-frappe-dev-bench:default: frappe.utils.background_jobs.execute_job(event=None, is_async=True, job_name='frappe.core.doctype.scheduled_job_type.scheduled_job_type.run_scheduled_jo..., kwargs={'job_type': 'frappe.pulse.client.send_queued_events'}, method='frappe.core.doctype.scheduled_job_type.scheduled_job_type.run_scheduled_jo..., site='erp.local', user='Administrator') (erp.local::scheduled_job::frappe.pulse.client.send_queued_events)
2025-10-07 22:46:55,631 Users-thaidoantuan-workspace-frappe-dev-bench:default: Job OK (erp.local::scheduled_job::frappe.pulse.client.send_queued_events)
2025-10-07 22:46:55,631 Result is kept for 600 seconds
2025-10-07 22:46:55,635 Users-thaidoantuan-workspace-frappe-dev-bench:default: frappe.utils.background_jobs.execute_job(event=None, is_async=True, job_name='frappe.core.doctype.scheduled_job_type.scheduled_job_type.run_scheduled_jo..., kwargs={'job_type': 'erpnext.projects.doctype.project.project.hourly_reminder'}, method='frappe.core.doctype.scheduled_job_type.scheduled_job_type.run_scheduled_jo..., site='erp.local', user='Administrator') (erp.local::scheduled_job::erpnext.projects.doctype.project.project.hourly_reminder)
2025-10-07 22:46:55,749 Users-thaidoantuan-workspace-frappe-dev-bench:default: Job OK (erp.local::scheduled_job::erpnext.projects.doctype.project.project.hourly_reminder)
2025-10-07 22:46:55,749 Result is kept for 600 seconds
2025-10-07 22:46:55,753 Users-thaidoantuan-workspace-frappe-dev-bench:default: frappe.utils.background_jobs.execute_job(event=None, is_async=True, job_name='frappe.core.doctype.scheduled_job_type.scheduled_job_type.run_scheduled_jo..., kwargs={'job_type': 'frappe.email.queue.flush'}, method='frappe.core.doctype.scheduled_job_type.scheduled_job_type.run_scheduled_jo..., site='erp.local', user='Administrator') (erp.local::scheduled_job::frappe.email.queue.flush)
2025-10-07 22:46:55,881 Users-thaidoantuan-workspace-frappe-dev-bench:default: Job OK (erp.local::scheduled_job::frappe.email.queue.flush)
2025-10-07 22:46:55,882 Result is kept for 600 seconds
2025-10-07 22:46:55,887 Users-thaidoantuan-workspace-frappe-dev-bench:long: frappe.utils.background_jobs.execute_job(event=None, is_async=True, job_name='frappe.core.doctype.scheduled_job_type.scheduled_job_type.run_scheduled_jo..., kwargs={'job_type': 'frappe.core.doctype.prepared_report.prepared_report.expire_st..., method='frappe.core.doctype.scheduled_job_type.scheduled_job_type.run_scheduled_jo..., site='erp.local', user='Administrator') (erp.local::scheduled_job::frappe.core.doctype.prepared_report.prepared_report.expire_stalled_report)
2025-10-07 22:46:55,995 Users-thaidoantuan-workspace-frappe-dev-bench:long: Job OK (erp.local::scheduled_job::frappe.core.doctype.prepared_report.prepared_report.expire_stalled_report)
2025-10-07 22:46:55,995 Result is kept for 600 seconds
2025-10-07 22:46:55,999 Users-thaidoantuan-workspace-frappe-dev-bench:long: frappe.utils.background_jobs.execute_job(event=None, is_async=True, job_name='frappe.core.doctype.scheduled_job_type.scheduled_job_type.run_scheduled_jo..., kwargs={'job_type': 'frappe.twofactor.delete_all_barcodes_for_users'}, method='frappe.core.doctype.scheduled_job_type.scheduled_job_type.run_scheduled_jo..., site='erp.local', user='Administrator') (erp.local::scheduled_job::frappe.twofactor.delete_all_barcodes_for_users)
2025-10-07 22:46:56,109 Users-thaidoantuan-workspace-frappe-dev-bench:long: Job OK (erp.local::scheduled_job::frappe.twofactor.delete_all_barcodes_for_users)
2025-10-07 22:46:56,110 Result is kept for 600 seconds
2025-10-07 22:46:56,114 Users-thaidoantuan-workspace-frappe-dev-bench:long: frappe.utils.background_jobs.execute_job(event=None, is_async=True, job_name='frappe.core.doctype.scheduled_job_type.scheduled_job_type.run_scheduled_jo..., kwargs={'job_type': 'frappe.website.doctype.web_page.web_page.check_publish_status..., method='frappe.core.doctype.scheduled_job_type.scheduled_job_type.run_scheduled_jo..., site='erp.local', user='Administrator') (erp.local::scheduled_job::frappe.website.doctype.web_page.web_page.check_publish_status)
2025-10-07 22:46:56,248 Users-thaidoantuan-workspace-frappe-dev-bench:long: Job OK (erp.local::scheduled_job::frappe.website.doctype.web_page.web_page.check_publish_status)
2025-10-07 22:46:56,248 Result is kept for 600 seconds
2025-10-07 22:46:56,254 Users-thaidoantuan-workspace-frappe-dev-bench:long: frappe.utils.background_jobs.execute_job(event=None, is_async=True, job_name='frappe.core.doctype.scheduled_job_type.scheduled_job_type.run_scheduled_jo..., kwargs={'job_type': 'erpnext.stock.doctype.repost_item_valuation.repost_item_valua..., method='frappe.core.doctype.scheduled_job_type.scheduled_job_type.run_scheduled_jo..., site='erp.local', user='Administrator') (erp.local::scheduled_job::erpnext.stock.doctype.repost_item_valuation.repost_item_valuation.repost_entries)
2025-10-07 22:46:56,374 Users-thaidoantuan-workspace-frappe-dev-bench:long: Job OK (erp.local::scheduled_job::erpnext.stock.doctype.repost_item_valuation.repost_item_valuation.repost_entries)
2025-10-07 22:46:56,374 Result is kept for 600 seconds
2025-10-07 22:46:56,378 Users-thaidoantuan-workspace-frappe-dev-bench:long: frappe.utils.background_jobs.execute_job(event=None, is_async=True, job_name='frappe.core.doctype.scheduled_job_type.scheduled_job_type.run_scheduled_jo..., kwargs={'job_type': 'frappe.desk.page.backups.backups.delete_downloadable_backups'..., method='frappe.core.doctype.scheduled_job_type.scheduled_job_type.run_scheduled_jo..., site='erp.local', user='Administrator') (erp.local::scheduled_job::frappe.desk.page.backups.backups.delete_downloadable_backups)
2025-10-07 22:46:56,488 Users-thaidoantuan-workspace-frappe-dev-bench:long: Job OK (erp.local::scheduled_job::frappe.desk.page.backups.backups.delete_downloadable_backups)
2025-10-07 22:46:56,488 Result is kept for 600 seconds
2025-10-07 22:46:56,492 Users-thaidoantuan-workspace-frappe-dev-bench:long: frappe.utils.background_jobs.execute_job(event=None, is_async=True, job_name='frappe.core.doctype.scheduled_job_type.scheduled_job_type.run_scheduled_jo..., kwargs={'job_type': 'frappe.website.doctype.personal_data_deletion_request.persona..., method='frappe.core.doctype.scheduled_job_type.scheduled_job_type.run_scheduled_jo..., site='erp.local', user='Administrator') (erp.local::scheduled_job::frappe.website.doctype.personal_data_deletion_request.personal_data_deletion_request.process_data_deletion_request)
2025-10-07 22:46:56,597 Users-thaidoantuan-workspace-frappe-dev-bench:long: Job OK (erp.local::scheduled_job::frappe.website.doctype.personal_data_deletion_request.personal_data_deletion_request.process_data_deletion_request)
2025-10-07 22:46:56,598 Result is kept for 600 seconds
2025-10-07 22:46:56,602 Users-thaidoantuan-workspace-frappe-dev-bench:long: frappe.utils.background_jobs.execute_job(event=None, is_async=True, job_name='frappe.core.doctype.scheduled_job_type.scheduled_job_type.run_scheduled_jo..., kwargs={'job_type': 'frappe.model.utils.user_settings.sync_user_settings'}, method='frappe.core.doctype.scheduled_job_type.scheduled_job_type.run_scheduled_jo..., site='erp.local', user='Administrator') (erp.local::scheduled_job::frappe.model.utils.user_settings.sync_user_settings)
2025-10-07 22:46:56,706 Users-thaidoantuan-workspace-frappe-dev-bench:long: Job OK (erp.local::scheduled_job::frappe.model.utils.user_settings.sync_user_settings)
2025-10-07 22:46:56,706 Result is kept for 600 seconds
2025-10-07 22:46:56,711 Users-thaidoantuan-workspace-frappe-dev-bench:long: frappe.utils.background_jobs.execute_job(event=None, is_async=True, job_name='frappe.core.doctype.scheduled_job_type.scheduled_job_type.run_scheduled_jo..., kwargs={'job_type': 'erpnext.utilities.bulk_transaction.retry'}, method='frappe.core.doctype.scheduled_job_type.scheduled_job_type.run_scheduled_jo..., site='erp.local', user='Administrator') (erp.local::scheduled_job::erpnext.utilities.bulk_transaction.retry)
2025-10-07 22:46:56,820 Users-thaidoantuan-workspace-frappe-dev-bench:long: Job OK (erp.local::scheduled_job::erpnext.utilities.bulk_transaction.retry)
2025-10-07 22:46:56,820 Result is kept for 600 seconds
2025-10-07 22:46:56,824 Users-thaidoantuan-workspace-frappe-dev-bench:long: frappe.utils.background_jobs.execute_job(event=None, is_async=True, job_name='frappe.core.doctype.scheduled_job_type.scheduled_job_type.run_scheduled_jo..., kwargs={'job_type': 'frappe.desk.utils.delete_old_exported_report_files'}, method='frappe.core.doctype.scheduled_job_type.scheduled_job_type.run_scheduled_jo..., site='erp.local', user='Administrator') (erp.local::scheduled_job::frappe.desk.utils.delete_old_exported_report_files)
2025-10-07 22:46:56,940 Users-thaidoantuan-workspace-frappe-dev-bench:long: Job OK (erp.local::scheduled_job::frappe.desk.utils.delete_old_exported_report_files)
2025-10-07 22:46:56,941 Result is kept for 600 seconds
2025-10-07 22:46:56,946 Users-thaidoantuan-workspace-frappe-dev-bench:long: frappe.utils.background_jobs.execute_job(event=None, is_async=True, job_name='frappe.core.doctype.scheduled_job_type.scheduled_job_type.run_scheduled_jo..., kwargs={'job_type': 'frappe.oauth.delete_oauth2_data'}, method='frappe.core.doctype.scheduled_job_type.scheduled_job_type.run_scheduled_jo..., site='erp.local', user='Administrator') (erp.local::scheduled_job::frappe.oauth.delete_oauth2_data)
2025-10-07 22:46:57,060 Users-thaidoantuan-workspace-frappe-dev-bench:long: Job OK (erp.local::scheduled_job::frappe.oauth.delete_oauth2_data)
2025-10-07 22:46:57,061 Result is kept for 600 seconds
2025-10-07 23:46:52,628 Cleaning registries for queue: Users-thaidoantuan-workspace-frappe-dev-bench:short
2025-10-07 23:46:52,633 Cleaning registries for queue: Users-thaidoantuan-workspace-frappe-dev-bench:default
2025-10-07 23:46:52,636 Cleaning registries for queue: Users-thaidoantuan-workspace-frappe-dev-bench:long
2025-10-08 01:25:33,795 Cleaning registries for queue: Users-thaidoantuan-workspace-frappe-dev-bench:short
2025-10-08 01:25:33,799 Cleaning registries for queue: Users-thaidoantuan-workspace-frappe-dev-bench:default
2025-10-08 01:25:33,801 Cleaning registries for queue: Users-thaidoantuan-workspace-frappe-dev-bench:long
2025-10-08 01:41:42,770 Users-thaidoantuan-workspace-frappe-dev-bench:default: frappe.utils.background_jobs.execute_job(event=None, is_async=True, job_name='frappe.core.doctype.scheduled_job_type.scheduled_job_type.run_scheduled_jo..., kwargs={'job_type': 'erpnext.buying.doctype.supplier_scorecard.supplier_scorecard...., method='frappe.core.doctype.scheduled_job_type.scheduled_job_type.run_scheduled_jo..., site='erp.local', user='Administrator') (erp.local::scheduled_job::erpnext.buying.doctype.supplier_scorecard.supplier_scorecard.refresh_scorecards)
2025-10-08 01:41:43,020 Users-thaidoantuan-workspace-frappe-dev-bench:default: Job OK (erp.local::scheduled_job::erpnext.buying.doctype.supplier_scorecard.supplier_scorecard.refresh_scorecards)
2025-10-08 01:41:43,020 Result is kept for 600 seconds
2025-10-08 01:41:43,026 Users-thaidoantuan-workspace-frappe-dev-bench:default: frappe.utils.background_jobs.execute_job(event=None, is_async=True, job_name='frappe.core.doctype.scheduled_job_type.scheduled_job_type.run_scheduled_jo..., kwargs={'job_type': 'erpnext.crm.doctype.opportunity.opportunity.auto_close_opport..., method='frappe.core.doctype.scheduled_job_type.scheduled_job_type.run_scheduled_jo..., site='erp.local', user='Administrator') (erp.local::scheduled_job::erpnext.crm.doctype.opportunity.opportunity.auto_close_opportunity)
2025-10-08 01:41:43,153 Users-thaidoantuan-workspace-frappe-dev-bench:default: Job OK (erp.local::scheduled_job::erpnext.crm.doctype.opportunity.opportunity.auto_close_opportunity)
2025-10-08 01:41:43,154 Result is kept for 600 seconds
2025-10-08 01:41:43,158 Users-thaidoantuan-workspace-frappe-dev-bench:default: frappe.utils.background_jobs.execute_job(event=None, is_async=True, job_name='frappe.core.doctype.scheduled_job_type.scheduled_job_type.run_scheduled_jo..., kwargs={'job_type': 'frappe.desk.form.document_follow.send_daily_updates'}, method='frappe.core.doctype.scheduled_job_type.scheduled_job_type.run_scheduled_jo..., site='erp.local', user='Administrator') (erp.local::scheduled_job::frappe.desk.form.document_follow.send_daily_updates)
2025-10-08 01:41:43,274 Users-thaidoantuan-workspace-frappe-dev-bench:default: Job OK (erp.local::scheduled_job::frappe.desk.form.document_follow.send_daily_updates)
2025-10-08 01:41:43,274 Result is kept for 600 seconds
2025-10-08 01:41:43,278 Users-thaidoantuan-workspace-frappe-dev-bench:default: frappe.utils.background_jobs.execute_job(event=None, is_async=True, job_name='frappe.core.doctype.scheduled_job_type.scheduled_job_type.run_scheduled_jo..., kwargs={'job_type': 'erpnext.stock.reorder_item.reorder_item'}, method='frappe.core.doctype.scheduled_job_type.scheduled_job_type.run_scheduled_jo..., site='erp.local', user='Administrator') (erp.local::scheduled_job::erpnext.stock.reorder_item.reorder_item)
2025-10-08 01:41:43,407 Users-thaidoantuan-workspace-frappe-dev-bench:default: Job OK (erp.local::scheduled_job::erpnext.stock.reorder_item.reorder_item)
2025-10-08 01:41:43,407 Result is kept for 600 seconds
2025-10-08 01:41:43,411 Users-thaidoantuan-workspace-frappe-dev-bench:default: frappe.utils.background_jobs.execute_job(event=None, is_async=True, job_name='frappe.core.doctype.scheduled_job_type.scheduled_job_type.run_scheduled_jo..., kwargs={'job_type': 'frappe.automation.doctype.reminder.reminder.send_reminders'}, method='frappe.core.doctype.scheduled_job_type.scheduled_job_type.run_scheduled_jo..., site='erp.local', user='Administrator') (erp.local::scheduled_job::frappe.automation.doctype.reminder.reminder.send_reminders)
2025-10-08 01:41:43,531 Users-thaidoantuan-workspace-frappe-dev-bench:default: Job OK (erp.local::scheduled_job::frappe.automation.doctype.reminder.reminder.send_reminders)
2025-10-08 01:41:43,532 Result is kept for 600 seconds
2025-10-08 01:41:43,537 Users-thaidoantuan-workspace-frappe-dev-bench:default: frappe.utils.background_jobs.execute_job(event=None, is_async=True, job_name='frappe.core.doctype.scheduled_job_type.scheduled_job_type.run_scheduled_jo..., kwargs={'job_type': 'erpnext.stock.doctype.serial_no.serial_no.update_maintenance_..., method='frappe.core.doctype.scheduled_job_type.scheduled_job_type.run_scheduled_jo..., site='erp.local', user='Administrator') (erp.local::scheduled_job::erpnext.stock.doctype.serial_no.serial_no.update_maintenance_status)
2025-10-08 01:41:43,677 Users-thaidoantuan-workspace-frappe-dev-bench:default: Job OK (erp.local::scheduled_job::erpnext.stock.doctype.serial_no.serial_no.update_maintenance_status)
2025-10-08 01:41:43,677 Result is kept for 600 seconds
2025-10-08 01:41:43,682 Users-thaidoantuan-workspace-frappe-dev-bench:default: frappe.utils.background_jobs.execute_job(event=None, is_async=True, job_name='frappe.core.doctype.scheduled_job_type.scheduled_job_type.run_scheduled_jo..., kwargs={'job_type': 'erpnext.projects.doctype.project.project.hourly_reminder'}, method='frappe.core.doctype.scheduled_job_type.scheduled_job_type.run_scheduled_jo..., site='erp.local', user='Administrator') (erp.local::scheduled_job::erpnext.projects.doctype.project.project.hourly_reminder)
2025-10-08 01:41:43,865 Users-thaidoantuan-workspace-frappe-dev-bench:default: Job OK (erp.local::scheduled_job::erpnext.projects.doctype.project.project.hourly_reminder)
2025-10-08 01:41:43,865 Result is kept for 600 seconds
2025-10-08 01:41:43,871 Users-thaidoantuan-workspace-frappe-dev-bench:default: frappe.utils.background_jobs.execute_job(event=None, is_async=True, job_name='frappe.core.doctype.scheduled_job_type.scheduled_job_type.run_scheduled_jo..., kwargs={'job_type': 'erpnext.support.doctype.issue.issue.auto_close_tickets'}, method='frappe.core.doctype.scheduled_job_type.scheduled_job_type.run_scheduled_jo..., site='erp.local', user='Administrator') (erp.local::scheduled_job::erpnext.support.doctype.issue.issue.auto_close_tickets)
2025-10-08 01:41:44,008 Users-thaidoantuan-workspace-frappe-dev-bench:default: Job OK (erp.local::scheduled_job::erpnext.support.doctype.issue.issue.auto_close_tickets)
2025-10-08 01:41:44,008 Result is kept for 600 seconds
2025-10-08 01:41:44,015 Users-thaidoantuan-workspace-frappe-dev-bench:default: frappe.utils.background_jobs.execute_job(event=None, is_async=True, job_name='frappe.core.doctype.scheduled_job_type.scheduled_job_type.run_scheduled_jo..., kwargs={'job_type': 'erpnext.selling.doctype.quotation.quotation.set_expired_statu..., method='frappe.core.doctype.scheduled_job_type.scheduled_job_type.run_scheduled_jo..., site='erp.local', user='Administrator') (erp.local::scheduled_job::erpnext.selling.doctype.quotation.quotation.set_expired_status)
2025-10-08 01:41:44,180 Users-thaidoantuan-workspace-frappe-dev-bench:default: Job OK (erp.local::scheduled_job::erpnext.selling.doctype.quotation.quotation.set_expired_status)
2025-10-08 01:41:44,181 Result is kept for 600 seconds
2025-10-08 01:41:44,185 Users-thaidoantuan-workspace-frappe-dev-bench:default: frappe.utils.background_jobs.execute_job(event=None, is_async=True, job_name='frappe.core.doctype.scheduled_job_type.scheduled_job_type.run_scheduled_jo..., kwargs={'job_type': 'frappe.monitor.flush'}, method='frappe.core.doctype.scheduled_job_type.scheduled_job_type.run_scheduled_jo..., site='erp.local', user='Administrator') (erp.local::scheduled_job::frappe.monitor.flush)
2025-10-08 01:41:44,268 Users-thaidoantuan-workspace-frappe-dev-bench:default: Job OK (erp.local::scheduled_job::frappe.monitor.flush)
2025-10-08 01:41:44,268 Result is kept for 600 seconds
2025-10-08 01:41:44,272 Users-thaidoantuan-workspace-frappe-dev-bench:default: frappe.utils.background_jobs.execute_job(event=None, is_async=True, job_name='frappe.core.doctype.scheduled_job_type.scheduled_job_type.run_scheduled_jo..., kwargs={'job_type': 'frappe.email.doctype.email_account.email_account.pull'}, method='frappe.core.doctype.scheduled_job_type.scheduled_job_type.run_scheduled_jo..., site='erp.local', user='Administrator') (erp.local::scheduled_job::frappe.email.doctype.email_account.email_account.pull)
2025-10-08 01:41:44,402 Users-thaidoantuan-workspace-frappe-dev-bench:default: Job OK (erp.local::scheduled_job::frappe.email.doctype.email_account.email_account.pull)
2025-10-08 01:41:44,403 Result is kept for 600 seconds
2025-10-08 01:41:44,407 Users-thaidoantuan-workspace-frappe-dev-bench:default: frappe.utils.background_jobs.execute_job(event=None, is_async=True, job_name='frappe.core.doctype.scheduled_job_type.scheduled_job_type.run_scheduled_jo..., kwargs={'job_type': 'erpnext.accounts.utils.run_ledger_health_checks'}, method='frappe.core.doctype.scheduled_job_type.scheduled_job_type.run_scheduled_jo..., site='erp.local', user='Administrator') (erp.local::scheduled_job::erpnext.accounts.utils.run_ledger_health_checks)
2025-10-08 01:41:44,575 Users-thaidoantuan-workspace-frappe-dev-bench:default: Job OK (erp.local::scheduled_job::erpnext.accounts.utils.run_ledger_health_checks)
2025-10-08 01:41:44,575 Result is kept for 600 seconds
2025-10-08 01:41:44,580 Users-thaidoantuan-workspace-frappe-dev-bench:default: frappe.utils.background_jobs.execute_job(event=None, is_async=True, job_name='frappe.core.doctype.scheduled_job_type.scheduled_job_type.run_scheduled_jo..., kwargs={'job_type': 'erpnext.manufacturing.doctype.bom_update_log.bom_update_log.r..., method='frappe.core.doctype.scheduled_job_type.scheduled_job_type.run_scheduled_jo..., site='erp.local', user='Administrator') (erp.local::scheduled_job::erpnext.manufacturing.doctype.bom_update_log.bom_update_log.resume_bom_cost_update_jobs)
2025-10-08 01:41:44,703 Users-thaidoantuan-workspace-frappe-dev-bench:default: Job OK (erp.local::scheduled_job::erpnext.manufacturing.doctype.bom_update_log.bom_update_log.resume_bom_cost_update_jobs)
2025-10-08 01:41:44,703 Result is kept for 600 seconds
2025-10-08 01:41:44,707 Users-thaidoantuan-workspace-frappe-dev-bench:default: frappe.utils.background_jobs.execute_job(event=None, is_async=True, job_name='frappe.core.doctype.scheduled_job_type.scheduled_job_type.run_scheduled_jo..., kwargs={'job_type': 'frappe.email.doctype.email_account.email_account.notify_unrep..., method='frappe.core.doctype.scheduled_job_type.scheduled_job_type.run_scheduled_jo..., site='erp.local', user='Administrator') (erp.local::scheduled_job::frappe.email.doctype.email_account.email_account.notify_unreplied)
2025-10-08 01:41:44,835 Users-thaidoantuan-workspace-frappe-dev-bench:default: Job OK (erp.local::scheduled_job::frappe.email.doctype.email_account.email_account.notify_unreplied)
2025-10-08 01:41:44,836 Result is kept for 600 seconds
2025-10-08 01:41:44,842 Users-thaidoantuan-workspace-frappe-dev-bench:default: frappe.utils.background_jobs.execute_job(event=None, is_async=True, job_name='frappe.core.doctype.scheduled_job_type.scheduled_job_type.run_scheduled_jo..., kwargs={'job_type': 'frappe.deferred_insert.save_to_db'}, method='frappe.core.doctype.scheduled_job_type.scheduled_job_type.run_scheduled_jo..., site='erp.local', user='Administrator') (erp.local::scheduled_job::frappe.deferred_insert.save_to_db)
2025-10-08 01:41:44,955 Users-thaidoantuan-workspace-frappe-dev-bench:default: Job OK (erp.local::scheduled_job::frappe.deferred_insert.save_to_db)
2025-10-08 01:41:44,956 Result is kept for 600 seconds
2025-10-08 01:41:44,960 Users-thaidoantuan-workspace-frappe-dev-bench:default: frappe.utils.background_jobs.execute_job(event=None, is_async=True, job_name='frappe.core.doctype.scheduled_job_type.scheduled_job_type.run_scheduled_jo..., kwargs={'job_type': 'erpnext.assets.doctype.asset.asset.update_maintenance_status'..., method='frappe.core.doctype.scheduled_job_type.scheduled_job_type.run_scheduled_jo..., site='erp.local', user='Administrator') (erp.local::scheduled_job::erpnext.assets.doctype.asset.asset.update_maintenance_status)
2025-10-08 01:41:45,104 Users-thaidoantuan-workspace-frappe-dev-bench:default: Job OK (erp.local::scheduled_job::erpnext.assets.doctype.asset.asset.update_maintenance_status)
2025-10-08 01:41:45,105 Result is kept for 600 seconds
2025-10-08 01:41:45,109 Users-thaidoantuan-workspace-frappe-dev-bench:default: frappe.utils.background_jobs.execute_job(event=None, is_async=True, job_name='frappe.core.doctype.scheduled_job_type.scheduled_job_type.run_scheduled_jo..., kwargs={'job_type': 'frappe.email.queue.flush'}, method='frappe.core.doctype.scheduled_job_type.scheduled_job_type.run_scheduled_jo..., site='erp.local', user='Administrator') (erp.local::scheduled_job::frappe.email.queue.flush)
2025-10-08 01:41:45,243 Users-thaidoantuan-workspace-frappe-dev-bench:default: Job OK (erp.local::scheduled_job::frappe.email.queue.flush)
2025-10-08 01:41:45,244 Result is kept for 600 seconds
2025-10-08 01:41:45,250 Users-thaidoantuan-workspace-frappe-dev-bench:default: frappe.utils.background_jobs.execute_job(event=None, is_async=True, job_name='frappe.core.doctype.scheduled_job_type.scheduled_job_type.run_scheduled_jo..., kwargs={'job_type': 'erpnext.projects.doctype.project.project.send_project_status_..., method='frappe.core.doctype.scheduled_job_type.scheduled_job_type.run_scheduled_jo..., site='erp.local', user='Administrator') (erp.local::scheduled_job::erpnext.projects.doctype.project.project.send_project_status_email_to_users)
2025-10-08 01:41:45,373 Users-thaidoantuan-workspace-frappe-dev-bench:default: Job OK (erp.local::scheduled_job::erpnext.projects.doctype.project.project.send_project_status_email_to_users)
2025-10-08 01:41:45,373 Result is kept for 600 seconds
2025-10-08 01:41:45,378 Users-thaidoantuan-workspace-frappe-dev-bench:default: frappe.utils.background_jobs.execute_job(event=None, is_async=True, job_name='frappe.core.doctype.scheduled_job_type.scheduled_job_type.run_scheduled_jo..., kwargs={'job_type': 'erpnext.accounts.doctype.gl_entry.gl_entry.rename_gle_sle_doc..., method='frappe.core.doctype.scheduled_job_type.scheduled_job_type.run_scheduled_jo..., site='erp.local', user='Administrator') (erp.local::scheduled_job::erpnext.accounts.doctype.gl_entry.gl_entry.rename_gle_sle_docs)
2025-10-08 01:41:45,512 Users-thaidoantuan-workspace-frappe-dev-bench:default: Job OK (erp.local::scheduled_job::erpnext.accounts.doctype.gl_entry.gl_entry.rename_gle_sle_docs)
2025-10-08 01:41:45,512 Result is kept for 600 seconds
2025-10-08 01:41:45,517 Users-thaidoantuan-workspace-frappe-dev-bench:default: frappe.utils.background_jobs.execute_job(event=None, is_async=True, job_name='frappe.core.doctype.scheduled_job_type.scheduled_job_type.run_scheduled_jo..., kwargs={'job_type': 'erpnext.assets.doctype.asset.asset.make_post_gl_entry'}, method='frappe.core.doctype.scheduled_job_type.scheduled_job_type.run_scheduled_jo..., site='erp.local', user='Administrator') (erp.local::scheduled_job::erpnext.assets.doctype.asset.asset.make_post_gl_entry)
2025-10-08 01:41:45,662 Users-thaidoantuan-workspace-frappe-dev-bench:default: Job OK (erp.local::scheduled_job::erpnext.assets.doctype.asset.asset.make_post_gl_entry)
2025-10-08 01:41:45,662 Result is kept for 600 seconds
2025-10-08 01:41:45,666 Users-thaidoantuan-workspace-frappe-dev-bench:default: frappe.utils.background_jobs.execute_job(event=None, is_async=True, job_name='frappe.core.doctype.scheduled_job_type.scheduled_job_type.run_scheduled_jo..., kwargs={'job_type': 'frappe.integrations.doctype.google_calendar.google_calendar.s..., method='frappe.core.doctype.scheduled_job_type.scheduled_job_type.run_scheduled_jo..., site='erp.local', user='Administrator') (erp.local::scheduled_job::frappe.integrations.doctype.google_calendar.google_calendar.sync)
2025-10-08 01:41:45,799 Users-thaidoantuan-workspace-frappe-dev-bench:default: Job OK (erp.local::scheduled_job::frappe.integrations.doctype.google_calendar.google_calendar.sync)
2025-10-08 01:41:45,799 Result is kept for 600 seconds
2025-10-08 01:41:45,802 Users-thaidoantuan-workspace-frappe-dev-bench:default: frappe.utils.background_jobs.execute_job(event=None, is_async=True, job_name='frappe.core.doctype.scheduled_job_type.scheduled_job_type.run_scheduled_jo..., kwargs={'job_type': 'erpnext.crm.doctype.email_campaign.email_campaign.send_email_..., method='frappe.core.doctype.scheduled_job_type.scheduled_job_type.run_scheduled_jo..., site='erp.local', user='Administrator') (erp.local::scheduled_job::erpnext.crm.doctype.email_campaign.email_campaign.send_email_to_leads_or_contacts)
2025-10-08 01:41:45,963 Users-thaidoantuan-workspace-frappe-dev-bench:default: Job OK (erp.local::scheduled_job::erpnext.crm.doctype.email_campaign.email_campaign.send_email_to_leads_or_contacts)
2025-10-08 01:41:45,964 Result is kept for 600 seconds
2025-10-08 01:41:45,967 Users-thaidoantuan-workspace-frappe-dev-bench:default: frappe.utils.background_jobs.execute_job(event=None, is_async=True, job_name='frappe.core.doctype.scheduled_job_type.scheduled_job_type.run_scheduled_jo..., kwargs={'job_type': 'erpnext.accounts.doctype.fiscal_year.fiscal_year.auto_create_..., method='frappe.core.doctype.scheduled_job_type.scheduled_job_type.run_scheduled_jo..., site='erp.local', user='Administrator') (erp.local::scheduled_job::erpnext.accounts.doctype.fiscal_year.fiscal_year.auto_create_fiscal_year)
2025-10-08 01:41:46,075 Users-thaidoantuan-workspace-frappe-dev-bench:default: Job OK (erp.local::scheduled_job::erpnext.accounts.doctype.fiscal_year.fiscal_year.auto_create_fiscal_year)
2025-10-08 01:41:46,075 Result is kept for 600 seconds
2025-10-08 01:41:46,080 Users-thaidoantuan-workspace-frappe-dev-bench:default: frappe.utils.background_jobs.execute_job(event=None, is_async=True, job_name='frappe.core.doctype.scheduled_job_type.scheduled_job_type.run_scheduled_jo..., kwargs={'job_type': 'erpnext.projects.doctype.project.project.collect_project_stat..., method='frappe.core.doctype.scheduled_job_type.scheduled_job_type.run_scheduled_jo..., site='erp.local', user='Administrator') (erp.local::scheduled_job::erpnext.projects.doctype.project.project.collect_project_status)
2025-10-08 01:41:46,203 Users-thaidoantuan-workspace-frappe-dev-bench:default: Job OK (erp.local::scheduled_job::erpnext.projects.doctype.project.project.collect_project_status)
2025-10-08 01:41:46,203 Result is kept for 600 seconds
2025-10-08 01:41:46,207 Users-thaidoantuan-workspace-frappe-dev-bench:default: frappe.utils.background_jobs.execute_job(event=None, is_async=True, job_name='frappe.core.doctype.scheduled_job_type.scheduled_job_type.run_scheduled_jo..., kwargs={'job_type': 'erpnext.buying.doctype.supplier_quotation.supplier_quotation...., method='frappe.core.doctype.scheduled_job_type.scheduled_job_type.run_scheduled_jo..., site='erp.local', user='Administrator') (erp.local::scheduled_job::erpnext.buying.doctype.supplier_quotation.supplier_quotation.set_expired_status)
2025-10-08 01:41:46,336 Users-thaidoantuan-workspace-frappe-dev-bench:default: Job OK (erp.local::scheduled_job::erpnext.buying.doctype.supplier_quotation.supplier_quotation.set_expired_status)
2025-10-08 01:41:46,336 Result is kept for 600 seconds
2025-10-08 01:41:46,341 Users-thaidoantuan-workspace-frappe-dev-bench:default: frappe.utils.background_jobs.execute_job(event=None, is_async=True, job_name='frappe.core.doctype.scheduled_job_type.scheduled_job_type.run_scheduled_jo..., kwargs={'job_type': 'erpnext.crm.doctype.email_campaign.email_campaign.set_email_c..., method='frappe.core.doctype.scheduled_job_type.scheduled_job_type.run_scheduled_jo..., site='erp.local', user='Administrator') (erp.local::scheduled_job::erpnext.crm.doctype.email_campaign.email_campaign.set_email_campaign_status)
2025-10-08 01:41:46,486 Users-thaidoantuan-workspace-frappe-dev-bench:default: Job OK (erp.local::scheduled_job::erpnext.crm.doctype.email_campaign.email_campaign.set_email_campaign_status)
2025-10-08 01:41:46,486 Result is kept for 600 seconds
2025-10-08 01:41:46,490 Users-thaidoantuan-workspace-frappe-dev-bench:default: frappe.utils.background_jobs.execute_job(event=None, is_async=True, job_name='frappe.core.doctype.scheduled_job_type.scheduled_job_type.run_scheduled_jo..., kwargs={'job_type': 'erpnext.setup.doctype.company.company.cache_companies_monthly..., method='frappe.core.doctype.scheduled_job_type.scheduled_job_type.run_scheduled_jo..., site='erp.local', user='Administrator') (erp.local::scheduled_job::erpnext.setup.doctype.company.company.cache_companies_monthly_sales_history)
2025-10-08 01:41:46,619 Users-thaidoantuan-workspace-frappe-dev-bench:default: Job OK (erp.local::scheduled_job::erpnext.setup.doctype.company.company.cache_companies_monthly_sales_history)
2025-10-08 01:41:46,620 Result is kept for 600 seconds
2025-10-08 01:41:46,624 Users-thaidoantuan-workspace-frappe-dev-bench:default: frappe.utils.background_jobs.execute_job(event=None, is_async=True, job_name='frappe.core.doctype.scheduled_job_type.scheduled_job_type.run_scheduled_jo..., kwargs={'job_type': 'frappe.search.sqlite_search.build_index_if_not_exists'}, method='frappe.core.doctype.scheduled_job_type.scheduled_job_type.run_scheduled_jo..., site='erp.local', user='Administrator') (erp.local::scheduled_job::frappe.search.sqlite_search.build_index_if_not_exists)
2025-10-08 01:41:46,745 Users-thaidoantuan-workspace-frappe-dev-bench:default: Job OK (erp.local::scheduled_job::frappe.search.sqlite_search.build_index_if_not_exists)
2025-10-08 01:41:46,745 Result is kept for 600 seconds
2025-10-08 01:41:46,749 Users-thaidoantuan-workspace-frappe-dev-bench:default: frappe.utils.background_jobs.execute_job(event=None, is_async=True, job_name='frappe.core.doctype.scheduled_job_type.scheduled_job_type.run_scheduled_jo..., kwargs={'job_type': 'erpnext.projects.doctype.task.task.set_tasks_as_overdue'}, method='frappe.core.doctype.scheduled_job_type.scheduled_job_type.run_scheduled_jo..., site='erp.local', user='Administrator') (erp.local::scheduled_job::erpnext.projects.doctype.task.task.set_tasks_as_overdue)
2025-10-08 01:41:46,874 Users-thaidoantuan-workspace-frappe-dev-bench:default: Job OK (erp.local::scheduled_job::erpnext.projects.doctype.task.task.set_tasks_as_overdue)
2025-10-08 01:41:46,874 Result is kept for 600 seconds
2025-10-08 01:41:46,879 Users-thaidoantuan-workspace-frappe-dev-bench:default: frappe.utils.background_jobs.execute_job(event=None, is_async=True, job_name='frappe.core.doctype.scheduled_job_type.scheduled_job_type.run_scheduled_jo..., kwargs={'job_type': 'erpnext.utilities.doctype.video.video.update_youtube_data'}, method='frappe.core.doctype.scheduled_job_type.scheduled_job_type.run_scheduled_jo..., site='erp.local', user='Administrator') (erp.local::scheduled_job::erpnext.utilities.doctype.video.video.update_youtube_data)
2025-10-08 01:41:47,041 Users-thaidoantuan-workspace-frappe-dev-bench:default: Job OK (erp.local::scheduled_job::erpnext.utilities.doctype.video.video.update_youtube_data)
2025-10-08 01:41:47,041 Result is kept for 600 seconds
2025-10-08 01:41:47,046 Users-thaidoantuan-workspace-frappe-dev-bench:default: frappe.utils.background_jobs.execute_job(event=None, is_async=True, job_name='frappe.core.doctype.scheduled_job_type.scheduled_job_type.run_scheduled_jo..., kwargs={'job_type': 'erpnext.controllers.accounts_controller.update_invoice_status..., method='frappe.core.doctype.scheduled_job_type.scheduled_job_type.run_scheduled_jo..., site='erp.local', user='Administrator') (erp.local::scheduled_job::erpnext.controllers.accounts_controller.update_invoice_status)
2025-10-08 01:41:47,182 Users-thaidoantuan-workspace-frappe-dev-bench:default: Job OK (erp.local::scheduled_job::erpnext.controllers.accounts_controller.update_invoice_status)
2025-10-08 01:41:47,182 Result is kept for 600 seconds
2025-10-08 01:41:47,186 Users-thaidoantuan-workspace-frappe-dev-bench:default: frappe.utils.background_jobs.execute_job(event=None, is_async=True, job_name='frappe.core.doctype.scheduled_job_type.scheduled_job_type.run_scheduled_jo..., kwargs={'job_type': 'erpnext.support.doctype.service_level_agreement.service_level..., method='frappe.core.doctype.scheduled_job_type.scheduled_job_type.run_scheduled_jo..., site='erp.local', user='Administrator') (erp.local::scheduled_job::erpnext.support.doctype.service_level_agreement.service_level_agreement.check_agreement_status)
2025-10-08 01:41:47,304 Users-thaidoantuan-workspace-frappe-dev-bench:default: Job OK (erp.local::scheduled_job::erpnext.support.doctype.service_level_agreement.service_level_agreement.check_agreement_status)
2025-10-08 01:41:47,305 Result is kept for 600 seconds
2025-10-08 01:41:47,309 Users-thaidoantuan-workspace-frappe-dev-bench:default: frappe.utils.background_jobs.execute_job(event=None, is_async=True, job_name='frappe.core.doctype.scheduled_job_type.scheduled_job_type.run_scheduled_jo..., kwargs={'job_type': 'erpnext.quality_management.doctype.quality_review.quality_rev..., method='frappe.core.doctype.scheduled_job_type.scheduled_job_type.run_scheduled_jo..., site='erp.local', user='Administrator') (erp.local::scheduled_job::erpnext.quality_management.doctype.quality_review.quality_review.review)
2025-10-08 01:41:47,442 Users-thaidoantuan-workspace-frappe-dev-bench:default: Job OK (erp.local::scheduled_job::erpnext.quality_management.doctype.quality_review.quality_review.review)
2025-10-08 01:41:47,443 Result is kept for 600 seconds
2025-10-08 01:41:47,448 Users-thaidoantuan-workspace-frappe-dev-bench:default: frappe.utils.background_jobs.execute_job(event=None, is_async=True, job_name='frappe.core.doctype.scheduled_job_type.scheduled_job_type.run_scheduled_jo..., kwargs={'job_type': 'erpnext.projects.doctype.project.project.update_project_sales..., method='frappe.core.doctype.scheduled_job_type.scheduled_job_type.run_scheduled_jo..., site='erp.local', user='Administrator') (erp.local::scheduled_job::erpnext.projects.doctype.project.project.update_project_sales_billing)
2025-10-08 01:41:47,575 Users-thaidoantuan-workspace-frappe-dev-bench:default: Job OK (erp.local::scheduled_job::erpnext.projects.doctype.project.project.update_project_sales_billing)
2025-10-08 01:41:47,575 Result is kept for 600 seconds
2025-10-08 01:41:47,579 Users-thaidoantuan-workspace-frappe-dev-bench:default: frappe.utils.background_jobs.execute_job(event=None, is_async=True, job_name='frappe.core.doctype.scheduled_job_type.scheduled_job_type.run_scheduled_jo..., kwargs={'job_type': 'frappe.model.utils.link_count.update_link_count'}, method='frappe.core.doctype.scheduled_job_type.scheduled_job_type.run_scheduled_jo..., site='erp.local', user='Administrator') (erp.local::scheduled_job::frappe.model.utils.link_count.update_link_count)
2025-10-08 01:58:34,601 Users-thaidoantuan-workspace-frappe-dev-bench:default: Job OK (erp.local::scheduled_job::frappe.model.utils.link_count.update_link_count)
2025-10-08 01:58:34,602 Result is kept for 600 seconds
2025-10-08 01:58:34,606 Users-thaidoantuan-workspace-frappe-dev-bench:default: frappe.utils.background_jobs.execute_job(event=None, is_async=True, job_name='frappe.core.doctype.scheduled_job_type.scheduled_job_type.run_scheduled_jo..., kwargs={'job_type': 'erpnext.accounts.utils.auto_create_exchange_rate_revaluation_..., method='frappe.core.doctype.scheduled_job_type.scheduled_job_type.run_scheduled_jo..., site='erp.local', user='Administrator') (erp.local::scheduled_job::erpnext.accounts.utils.auto_create_exchange_rate_revaluation_daily)
2025-10-08 01:58:34,748 Users-thaidoantuan-workspace-frappe-dev-bench:default: Job OK (erp.local::scheduled_job::erpnext.accounts.utils.auto_create_exchange_rate_revaluation_daily)
2025-10-08 01:58:34,749 Result is kept for 600 seconds
2025-10-08 01:58:34,754 Users-thaidoantuan-workspace-frappe-dev-bench:default: frappe.utils.background_jobs.execute_job(event=None, is_async=True, job_name='frappe.core.doctype.scheduled_job_type.scheduled_job_type.run_scheduled_jo..., kwargs={'job_type': 'frappe.pulse.client.send_queued_events'}, method='frappe.core.doctype.scheduled_job_type.scheduled_job_type.run_scheduled_jo..., site='erp.local', user='Administrator') (erp.local::scheduled_job::frappe.pulse.client.send_queued_events)
2025-10-08 01:58:34,888 Users-thaidoantuan-workspace-frappe-dev-bench:default: Job OK (erp.local::scheduled_job::frappe.pulse.client.send_queued_events)
2025-10-08 01:58:34,888 Result is kept for 600 seconds
2025-10-08 01:58:34,895 Users-thaidoantuan-workspace-frappe-dev-bench:default: frappe.utils.background_jobs.execute_job(event=None, is_async=True, job_name='frappe.core.doctype.scheduled_job_type.scheduled_job_type.run_scheduled_jo..., kwargs={'job_type': 'erpnext.erpnext_integrations.doctype.plaid_settings.plaid_set..., method='frappe.core.doctype.scheduled_job_type.scheduled_job_type.run_scheduled_jo..., site='erp.local', user='Administrator') (erp.local::scheduled_job::erpnext.erpnext_integrations.doctype.plaid_settings.plaid_settings.automatic_synchronization)
2025-10-08 01:58:35,046 Users-thaidoantuan-workspace-frappe-dev-bench:default: Job OK (erp.local::scheduled_job::erpnext.erpnext_integrations.doctype.plaid_settings.plaid_settings.automatic_synchronization)
2025-10-08 01:58:35,047 Result is kept for 600 seconds
2025-10-08 01:58:35,053 Users-thaidoantuan-workspace-frappe-dev-bench:default: frappe.utils.background_jobs.execute_job(event=None, is_async=True, job_name='frappe.core.doctype.scheduled_job_type.scheduled_job_type.run_scheduled_jo..., kwargs={'job_type': 'erpnext.assets.doctype.asset_maintenance_log.asset_maintenanc..., method='frappe.core.doctype.scheduled_job_type.scheduled_job_type.run_scheduled_jo..., site='erp.local', user='Administrator') (erp.local::scheduled_job::erpnext.assets.doctype.asset_maintenance_log.asset_maintenance_log.update_asset_maintenance_log_status)
2025-10-08 01:58:35,189 Users-thaidoantuan-workspace-frappe-dev-bench:default: Job OK (erp.local::scheduled_job::erpnext.assets.doctype.asset_maintenance_log.asset_maintenance_log.update_asset_maintenance_log_status)
2025-10-08 01:58:35,189 Result is kept for 600 seconds
2025-10-08 01:58:35,194 Users-thaidoantuan-workspace-frappe-dev-bench:default: frappe.utils.background_jobs.execute_job(event=None, is_async=True, job_name='frappe.core.doctype.scheduled_job_type.scheduled_job_type.run_scheduled_jo..., kwargs={'job_type': 'frappe.utils.global_search.sync_global_search'}, method='frappe.core.doctype.scheduled_job_type.scheduled_job_type.run_scheduled_jo..., site='erp.local', user='Administrator') (erp.local::scheduled_job::frappe.utils.global_search.sync_global_search)
2025-10-08 01:58:35,326 Users-thaidoantuan-workspace-frappe-dev-bench:default: Job OK (erp.local::scheduled_job::frappe.utils.global_search.sync_global_search)
2025-10-08 01:58:35,326 Result is kept for 600 seconds
2025-10-08 01:58:35,331 Users-thaidoantuan-workspace-frappe-dev-bench:default: frappe.utils.background_jobs.execute_job(event=None, is_async=True, job_name='frappe.core.doctype.scheduled_job_type.scheduled_job_type.run_scheduled_jo..., kwargs={'job_type': 'erpnext.accounts.doctype.process_statement_of_accounts.proces..., method='frappe.core.doctype.scheduled_job_type.scheduled_job_type.run_scheduled_jo..., site='erp.local', user='Administrator') (erp.local::scheduled_job::erpnext.accounts.doctype.process_statement_of_accounts.process_statement_of_accounts.send_auto_email)
2025-10-08 01:58:35,549 Users-thaidoantuan-workspace-frappe-dev-bench:default: Job OK (erp.local::scheduled_job::erpnext.accounts.doctype.process_statement_of_accounts.process_statement_of_accounts.send_auto_email)
2025-10-08 01:58:35,549 Result is kept for 600 seconds
2025-10-08 01:58:35,554 Users-thaidoantuan-workspace-frappe-dev-bench:default: frappe.utils.background_jobs.execute_job(event=None, is_async=True, job_name='frappe.core.doctype.scheduled_job_type.scheduled_job_type.run_scheduled_jo..., kwargs={'job_type': 'erpnext.crm.doctype.contract.contract.update_status_for_contr..., method='frappe.core.doctype.scheduled_job_type.scheduled_job_type.run_scheduled_jo..., site='erp.local', user='Administrator') (erp.local::scheduled_job::erpnext.crm.doctype.contract.contract.update_status_for_contracts)
2025-10-08 01:58:35,701 Users-thaidoantuan-workspace-frappe-dev-bench:default: Job OK (erp.local::scheduled_job::erpnext.crm.doctype.contract.contract.update_status_for_contracts)
2025-10-08 01:58:35,701 Result is kept for 600 seconds
2025-10-08 01:58:35,707 Users-thaidoantuan-workspace-frappe-dev-bench:default: frappe.utils.background_jobs.execute_job(event=None, is_async=True, job_name='frappe.core.doctype.scheduled_job_type.scheduled_job_type.run_scheduled_jo..., kwargs={'job_type': 'frappe.email.doctype.notification.notification.trigger_daily_..., method='frappe.core.doctype.scheduled_job_type.scheduled_job_type.run_scheduled_jo..., site='erp.local', user='Administrator') (erp.local::scheduled_job::frappe.email.doctype.notification.notification.trigger_daily_alerts)
2025-10-08 01:58:35,840 Users-thaidoantuan-workspace-frappe-dev-bench:default: Job OK (erp.local::scheduled_job::frappe.email.doctype.notification.notification.trigger_daily_alerts)
2025-10-08 01:58:35,840 Result is kept for 600 seconds
2025-10-08 01:58:35,845 Users-thaidoantuan-workspace-frappe-dev-bench:default: frappe.utils.background_jobs.execute_job(event=None, is_async=True, job_name='frappe.core.doctype.scheduled_job_type.scheduled_job_type.run_scheduled_jo..., kwargs={'job_type': 'frappe.email.doctype.newsletter.newsletter.send_scheduled_ema..., method='frappe.core.doctype.scheduled_job_type.scheduled_job_type.run_scheduled_jo..., site='erp.local', user='Administrator') (erp.local::scheduled_job::frappe.email.doctype.newsletter.newsletter.send_scheduled_email)
2025-10-08 01:58:35,972 Users-thaidoantuan-workspace-frappe-dev-bench:default: Job OK (erp.local::scheduled_job::frappe.email.doctype.newsletter.newsletter.send_scheduled_email)
2025-10-08 01:58:35,972 Result is kept for 600 seconds
2025-10-08 01:58:35,977 Users-thaidoantuan-workspace-frappe-dev-bench:default: frappe.utils.background_jobs.execute_job(event=None, is_async=True, job_name='frappe.core.doctype.scheduled_job_type.scheduled_job_type.run_scheduled_jo..., kwargs={'job_type': 'frappe.desk.doctype.event.event.send_event_digest'}, method='frappe.core.doctype.scheduled_job_type.scheduled_job_type.run_scheduled_jo..., site='erp.local', user='Administrator') (erp.local::scheduled_job::frappe.desk.doctype.event.event.send_event_digest)
2025-10-08 01:58:36,111 Users-thaidoantuan-workspace-frappe-dev-bench:default: Job OK (erp.local::scheduled_job::frappe.desk.doctype.event.event.send_event_digest)
2025-10-08 01:58:36,111 Result is kept for 600 seconds
2025-10-08 01:58:36,117 Users-thaidoantuan-workspace-frappe-dev-bench:default: frappe.utils.background_jobs.execute_job(event=None, is_async=True, job_name='frappe.core.doctype.scheduled_job_type.scheduled_job_type.run_scheduled_jo..., kwargs={'job_type': 'erpnext.projects.doctype.project.project.project_status_updat..., method='frappe.core.doctype.scheduled_job_type.scheduled_job_type.run_scheduled_jo..., site='erp.local', user='Administrator') (erp.local::scheduled_job::erpnext.projects.doctype.project.project.project_status_update_reminder)
2025-10-08 01:58:36,248 Users-thaidoantuan-workspace-frappe-dev-bench:default: Job OK (erp.local::scheduled_job::erpnext.projects.doctype.project.project.project_status_update_reminder)
2025-10-08 01:58:36,248 Result is kept for 600 seconds
2025-10-08 01:58:36,253 Users-thaidoantuan-workspace-frappe-dev-bench:default: frappe.utils.background_jobs.execute_job(event=None, is_async=True, job_name='frappe.core.doctype.scheduled_job_type.scheduled_job_type.run_scheduled_jo..., kwargs={'job_type': 'frappe.email.queue.retry_sending_emails'}, method='frappe.core.doctype.scheduled_job_type.scheduled_job_type.run_scheduled_jo..., site='erp.local', user='Administrator') (erp.local::scheduled_job::frappe.email.queue.retry_sending_emails)
2025-10-08 01:58:36,352 Users-thaidoantuan-workspace-frappe-dev-bench:default: Job OK (erp.local::scheduled_job::frappe.email.queue.retry_sending_emails)
2025-10-08 01:58:36,353 Result is kept for 600 seconds
2025-10-08 01:58:36,358 Users-thaidoantuan-workspace-frappe-dev-bench:long: frappe.utils.background_jobs.execute_job(event=None, is_async=True, job_name='frappe.core.doctype.scheduled_job_type.scheduled_job_type.run_scheduled_jo..., kwargs={'job_type': 'frappe.desk.utils.delete_old_exported_report_files'}, method='frappe.core.doctype.scheduled_job_type.scheduled_job_type.run_scheduled_jo..., site='erp.local', user='Administrator') (erp.local::scheduled_job::frappe.desk.utils.delete_old_exported_report_files)
2025-10-08 01:58:36,510 Users-thaidoantuan-workspace-frappe-dev-bench:long: Job OK (erp.local::scheduled_job::frappe.desk.utils.delete_old_exported_report_files)
2025-10-08 01:58:36,511 Result is kept for 600 seconds
2025-10-08 01:58:36,515 Users-thaidoantuan-workspace-frappe-dev-bench:long: frappe.utils.background_jobs.execute_job(event=None, is_async=True, job_name='frappe.core.doctype.scheduled_job_type.scheduled_job_type.run_scheduled_jo..., kwargs={'job_type': 'frappe.core.doctype.prepared_report.prepared_report.expire_st..., method='frappe.core.doctype.scheduled_job_type.scheduled_job_type.run_scheduled_jo..., site='erp.local', user='Administrator') (erp.local::scheduled_job::frappe.core.doctype.prepared_report.prepared_report.expire_stalled_report)
2025-10-08 01:58:36,660 Users-thaidoantuan-workspace-frappe-dev-bench:long: Job OK (erp.local::scheduled_job::frappe.core.doctype.prepared_report.prepared_report.expire_stalled_report)
2025-10-08 01:58:36,660 Result is kept for 600 seconds
2025-10-08 01:58:36,666 Users-thaidoantuan-workspace-frappe-dev-bench:long: frappe.utils.background_jobs.execute_job(event=None, is_async=True, job_name='frappe.core.doctype.scheduled_job_type.scheduled_job_type.run_scheduled_jo..., kwargs={'job_type': 'erpnext.utilities.bulk_transaction.retry'}, method='frappe.core.doctype.scheduled_job_type.scheduled_job_type.run_scheduled_jo..., site='erp.local', user='Administrator') (erp.local::scheduled_job::erpnext.utilities.bulk_transaction.retry)
2025-10-08 01:58:36,822 Users-thaidoantuan-workspace-frappe-dev-bench:long: Job OK (erp.local::scheduled_job::erpnext.utilities.bulk_transaction.retry)
2025-10-08 01:58:36,823 Result is kept for 600 seconds
2025-10-08 01:58:36,828 Users-thaidoantuan-workspace-frappe-dev-bench:long: frappe.utils.background_jobs.execute_job(event=None, is_async=True, job_name='frappe.core.doctype.scheduled_job_type.scheduled_job_type.run_scheduled_jo..., kwargs={'job_type': 'frappe.sessions.clear_expired_sessions'}, method='frappe.core.doctype.scheduled_job_type.scheduled_job_type.run_scheduled_jo..., site='erp.local', user='Administrator') (erp.local::scheduled_job::frappe.sessions.clear_expired_sessions)
2025-10-08 01:58:37,037 Users-thaidoantuan-workspace-frappe-dev-bench:long: Job OK (erp.local::scheduled_job::frappe.sessions.clear_expired_sessions)
2025-10-08 01:58:37,037 Result is kept for 600 seconds
2025-10-08 01:58:37,047 Users-thaidoantuan-workspace-frappe-dev-bench:long: frappe.utils.background_jobs.execute_job(event=None, is_async=True, job_name='frappe.core.doctype.scheduled_job_type.scheduled_job_type.run_scheduled_jo..., kwargs={'job_type': 'frappe.desk.notifications.clear_notifications'}, method='frappe.core.doctype.scheduled_job_type.scheduled_job_type.run_scheduled_jo..., site='erp.local', user='Administrator') (erp.local::scheduled_job::frappe.desk.notifications.clear_notifications)
2025-10-08 01:58:37,224 Users-thaidoantuan-workspace-frappe-dev-bench:long: Job OK (erp.local::scheduled_job::frappe.desk.notifications.clear_notifications)
2025-10-08 01:58:37,224 Result is kept for 600 seconds
2025-10-08 01:58:37,228 Users-thaidoantuan-workspace-frappe-dev-bench:long: frappe.utils.background_jobs.execute_job(event=None, is_async=True, job_name='frappe.core.doctype.scheduled_job_type.scheduled_job_type.run_scheduled_jo..., kwargs={'job_type': 'erpnext.accounts.doctype.process_subscription.process_subscri..., method='frappe.core.doctype.scheduled_job_type.scheduled_job_type.run_scheduled_jo..., site='erp.local', user='Administrator') (erp.local::scheduled_job::erpnext.accounts.doctype.process_subscription.process_subscription.create_subscription_process)
2025-10-08 01:58:37,437 Users-thaidoantuan-workspace-frappe-dev-bench:long: Job OK (erp.local::scheduled_job::erpnext.accounts.doctype.process_subscription.process_subscription.create_subscription_process)
2025-10-08 01:58:37,437 Result is kept for 600 seconds
2025-10-08 01:58:37,443 Users-thaidoantuan-workspace-frappe-dev-bench:long: frappe.utils.background_jobs.execute_job(event=None, is_async=True, job_name='frappe.core.doctype.scheduled_job_type.scheduled_job_type.run_scheduled_jo..., kwargs={'job_type': 'frappe.core.doctype.log_settings.log_settings.run_log_clean_u..., method='frappe.core.doctype.scheduled_job_type.scheduled_job_type.run_scheduled_jo..., site='erp.local', user='Administrator') (erp.local::scheduled_job::frappe.core.doctype.log_settings.log_settings.run_log_clean_up)
2025-10-08 01:58:37,752 Users-thaidoantuan-workspace-frappe-dev-bench:long: Job OK (erp.local::scheduled_job::frappe.core.doctype.log_settings.log_settings.run_log_clean_up)
2025-10-08 01:58:37,753 Result is kept for 600 seconds
2025-10-08 01:58:37,757 Users-thaidoantuan-workspace-frappe-dev-bench:long: frappe.utils.background_jobs.execute_job(event=None, is_async=True, job_name='frappe.core.doctype.scheduled_job_type.scheduled_job_type.run_scheduled_jo..., kwargs={'job_type': 'frappe.integrations.doctype.dropbox_settings.dropbox_settings..., method='frappe.core.doctype.scheduled_job_type.scheduled_job_type.run_scheduled_jo..., site='erp.local', user='Administrator') (erp.local::scheduled_job::frappe.integrations.doctype.dropbox_settings.dropbox_settings.take_backups_daily)
2025-10-08 01:58:38,055 Users-thaidoantuan-workspace-frappe-dev-bench:long: Job OK (erp.local::scheduled_job::frappe.integrations.doctype.dropbox_settings.dropbox_settings.take_backups_daily)
2025-10-08 01:58:38,056 Result is kept for 600 seconds
2025-10-08 01:58:38,061 Users-thaidoantuan-workspace-frappe-dev-bench:long: frappe.utils.background_jobs.execute_job(event=None, is_async=True, job_name='frappe.core.doctype.scheduled_job_type.scheduled_job_type.run_scheduled_jo..., kwargs={'job_type': 'frappe.integrations.doctype.google_drive.google_drive.daily_b..., method='frappe.core.doctype.scheduled_job_type.scheduled_job_type.run_scheduled_jo..., site='erp.local', user='Administrator') (erp.local::scheduled_job::frappe.integrations.doctype.google_drive.google_drive.daily_backup)
2025-10-08 01:58:38,303 Users-thaidoantuan-workspace-frappe-dev-bench:long: Job OK (erp.local::scheduled_job::frappe.integrations.doctype.google_drive.google_drive.daily_backup)
2025-10-08 01:58:38,303 Result is kept for 600 seconds
2025-10-08 01:58:38,308 Users-thaidoantuan-workspace-frappe-dev-bench:long: frappe.utils.background_jobs.execute_job(event=None, is_async=True, job_name='frappe.core.doctype.scheduled_job_type.scheduled_job_type.run_scheduled_jo..., kwargs={'job_type': 'frappe.desk.form.document_follow.send_hourly_updates'}, method='frappe.core.doctype.scheduled_job_type.scheduled_job_type.run_scheduled_jo..., site='erp.local', user='Administrator') (erp.local::scheduled_job::frappe.desk.form.document_follow.send_hourly_updates)
2025-10-08 01:58:38,513 Users-thaidoantuan-workspace-frappe-dev-bench:long: Job OK (erp.local::scheduled_job::frappe.desk.form.document_follow.send_hourly_updates)
2025-10-08 01:58:38,513 Result is kept for 600 seconds
2025-10-08 01:58:38,518 Users-thaidoantuan-workspace-frappe-dev-bench:long: frappe.utils.background_jobs.execute_job(event=None, is_async=True, job_name='frappe.core.doctype.scheduled_job_type.scheduled_job_type.run_scheduled_jo..., kwargs={'job_type': 'frappe.integrations.doctype.google_contacts.google_contacts.s..., method='frappe.core.doctype.scheduled_job_type.scheduled_job_type.run_scheduled_jo..., site='erp.local', user='Administrator') (erp.local::scheduled_job::frappe.integrations.doctype.google_contacts.google_contacts.sync)
2025-10-08 01:58:38,730 Users-thaidoantuan-workspace-frappe-dev-bench:long: Job OK (erp.local::scheduled_job::frappe.integrations.doctype.google_contacts.google_contacts.sync)
2025-10-08 01:58:38,730 Result is kept for 600 seconds
2025-10-08 01:58:38,735 Users-thaidoantuan-workspace-frappe-dev-bench:long: frappe.utils.background_jobs.execute_job(event=None, is_async=True, job_name='frappe.core.doctype.scheduled_job_type.scheduled_job_type.run_scheduled_jo..., kwargs={'job_type': 'frappe.core.doctype.user_invitation.user_invitation.mark_expi..., method='frappe.core.doctype.scheduled_job_type.scheduled_job_type.run_scheduled_jo..., site='erp.local', user='Administrator') (erp.local::scheduled_job::frappe.core.doctype.user_invitation.user_invitation.mark_expired_invitations)
2025-10-08 01:58:38,900 Users-thaidoantuan-workspace-frappe-dev-bench:long: Job OK (erp.local::scheduled_job::frappe.core.doctype.user_invitation.user_invitation.mark_expired_invitations)
2025-10-08 01:58:38,900 Result is kept for 600 seconds
2025-10-08 01:58:38,905 Users-thaidoantuan-workspace-frappe-dev-bench:long: frappe.utils.background_jobs.execute_job(event=None, is_async=True, job_name='frappe.core.doctype.scheduled_job_type.scheduled_job_type.run_scheduled_jo..., kwargs={'job_type': 'frappe.twofactor.delete_all_barcodes_for_users'}, method='frappe.core.doctype.scheduled_job_type.scheduled_job_type.run_scheduled_jo..., site='erp.local', user='Administrator') (erp.local::scheduled_job::frappe.twofactor.delete_all_barcodes_for_users)
2025-10-08 01:58:39,055 Users-thaidoantuan-workspace-frappe-dev-bench:long: Job OK (erp.local::scheduled_job::frappe.twofactor.delete_all_barcodes_for_users)
2025-10-08 01:58:39,055 Result is kept for 600 seconds
2025-10-08 01:58:39,060 Users-thaidoantuan-workspace-frappe-dev-bench:long: frappe.utils.background_jobs.execute_job(event=None, is_async=True, job_name='frappe.core.doctype.scheduled_job_type.scheduled_job_type.run_scheduled_jo..., kwargs={'job_type': 'frappe.oauth.delete_oauth2_data'}, method='frappe.core.doctype.scheduled_job_type.scheduled_job_type.run_scheduled_jo..., site='erp.local', user='Administrator') (erp.local::scheduled_job::frappe.oauth.delete_oauth2_data)
2025-10-08 01:58:39,283 Users-thaidoantuan-workspace-frappe-dev-bench:long: Job OK (erp.local::scheduled_job::frappe.oauth.delete_oauth2_data)
2025-10-08 01:58:39,284 Result is kept for 600 seconds
2025-10-08 01:58:39,291 Users-thaidoantuan-workspace-frappe-dev-bench:long: frappe.utils.background_jobs.execute_job(event=None, is_async=True, job_name='frappe.core.doctype.scheduled_job_type.scheduled_job_type.run_scheduled_jo..., kwargs={'job_type': 'frappe.social.doctype.energy_point_settings.energy_point_sett..., method='frappe.core.doctype.scheduled_job_type.scheduled_job_type.run_scheduled_jo..., site='erp.local', user='Administrator') (erp.local::scheduled_job::frappe.social.doctype.energy_point_settings.energy_point_settings.allocate_review_points)
2025-10-08 02:15:50,464 Users-thaidoantuan-workspace-frappe-dev-bench:long: Job OK (erp.local::scheduled_job::frappe.social.doctype.energy_point_settings.energy_point_settings.allocate_review_points)
2025-10-08 02:15:50,465 Result is kept for 600 seconds
2025-10-08 02:15:50,470 Users-thaidoantuan-workspace-frappe-dev-bench:long: frappe.utils.background_jobs.execute_job(event=None, is_async=True, job_name='frappe.core.doctype.scheduled_job_type.scheduled_job_type.run_scheduled_jo..., kwargs={'job_type': 'frappe.website.doctype.web_page.web_page.check_publish_status..., method='frappe.core.doctype.scheduled_job_type.scheduled_job_type.run_scheduled_jo..., site='erp.local', user='Administrator') (erp.local::scheduled_job::frappe.website.doctype.web_page.web_page.check_publish_status)
2025-10-08 02:15:50,640 Users-thaidoantuan-workspace-frappe-dev-bench:long: Job OK (erp.local::scheduled_job::frappe.website.doctype.web_page.web_page.check_publish_status)
2025-10-08 02:15:50,640 Result is kept for 600 seconds
2025-10-08 02:15:50,645 Users-thaidoantuan-workspace-frappe-dev-bench:long: frappe.utils.background_jobs.execute_job(event=None, is_async=True, job_name='frappe.core.doctype.scheduled_job_type.scheduled_job_type.run_scheduled_jo..., kwargs={'job_type': 'frappe.automation.doctype.auto_repeat.auto_repeat.make_auto_r..., method='frappe.core.doctype.scheduled_job_type.scheduled_job_type.run_scheduled_jo..., site='erp.local', user='Administrator') (erp.local::scheduled_job::frappe.automation.doctype.auto_repeat.auto_repeat.make_auto_repeat_entry)
2025-10-08 02:15:50,880 Users-thaidoantuan-workspace-frappe-dev-bench:long: Job OK (erp.local::scheduled_job::frappe.automation.doctype.auto_repeat.auto_repeat.make_auto_repeat_entry)
2025-10-08 02:15:50,881 Result is kept for 600 seconds
2025-10-08 02:15:50,887 Users-thaidoantuan-workspace-frappe-dev-bench:long: frappe.utils.background_jobs.execute_job(event=None, is_async=True, job_name='frappe.core.doctype.scheduled_job_type.scheduled_job_type.run_scheduled_jo..., kwargs={'job_type': 'erpnext.setup.doctype.email_digest.email_digest.send'}, method='frappe.core.doctype.scheduled_job_type.scheduled_job_type.run_scheduled_jo..., site='erp.local', user='Administrator') (erp.local::scheduled_job::erpnext.setup.doctype.email_digest.email_digest.send)
2025-10-08 02:15:51,034 Users-thaidoantuan-workspace-frappe-dev-bench:long: Job OK (erp.local::scheduled_job::erpnext.setup.doctype.email_digest.email_digest.send)
2025-10-08 02:15:51,034 Result is kept for 600 seconds
2025-10-08 02:15:51,039 Users-thaidoantuan-workspace-frappe-dev-bench:long: frappe.utils.background_jobs.execute_job(event=None, is_async=True, job_name='frappe.core.doctype.scheduled_job_type.scheduled_job_type.run_scheduled_jo..., kwargs={'job_type': 'erpnext.manufacturing.doctype.bom_update_tool.bom_update_tool..., method='frappe.core.doctype.scheduled_job_type.scheduled_job_type.run_scheduled_jo..., site='erp.local', user='Administrator') (erp.local::scheduled_job::erpnext.manufacturing.doctype.bom_update_tool.bom_update_tool.auto_update_latest_price_in_all_boms)
2025-10-08 02:15:51,201 Users-thaidoantuan-workspace-frappe-dev-bench:long: Job OK (erp.local::scheduled_job::erpnext.manufacturing.doctype.bom_update_tool.bom_update_tool.auto_update_latest_price_in_all_boms)
2025-10-08 02:15:51,202 Result is kept for 600 seconds
2025-10-08 02:15:51,207 Users-thaidoantuan-workspace-frappe-dev-bench:long: frappe.utils.background_jobs.execute_job(event=None, is_async=True, job_name='frappe.core.doctype.scheduled_job_type.scheduled_job_type.run_scheduled_jo..., kwargs={'job_type': 'erpnext.stock.doctype.repost_item_valuation.repost_item_valua..., method='frappe.core.doctype.scheduled_job_type.scheduled_job_type.run_scheduled_jo..., site='erp.local', user='Administrator') (erp.local::scheduled_job::erpnext.stock.doctype.repost_item_valuation.repost_item_valuation.repost_entries)
2025-10-08 02:15:51,351 Users-thaidoantuan-workspace-frappe-dev-bench:long: Job OK (erp.local::scheduled_job::erpnext.stock.doctype.repost_item_valuation.repost_item_valuation.repost_entries)
2025-10-08 02:15:51,351 Result is kept for 600 seconds
2025-10-08 02:15:51,356 Users-thaidoantuan-workspace-frappe-dev-bench:long: frappe.utils.background_jobs.execute_job(event=None, is_async=True, job_name='frappe.core.doctype.scheduled_job_type.scheduled_job_type.run_scheduled_jo..., kwargs={'job_type': 'frappe.website.doctype.personal_data_deletion_request.persona..., method='frappe.core.doctype.scheduled_job_type.scheduled_job_type.run_scheduled_jo..., site='erp.local', user='Administrator') (erp.local::scheduled_job::frappe.website.doctype.personal_data_deletion_request.personal_data_deletion_request.process_data_deletion_request)
2025-10-08 02:15:51,491 Users-thaidoantuan-workspace-frappe-dev-bench:long: Job OK (erp.local::scheduled_job::frappe.website.doctype.personal_data_deletion_request.personal_data_deletion_request.process_data_deletion_request)
2025-10-08 02:15:51,492 Result is kept for 600 seconds
2025-10-08 02:15:51,497 Users-thaidoantuan-workspace-frappe-dev-bench:long: frappe.utils.background_jobs.execute_job(event=None, is_async=True, job_name='frappe.core.doctype.scheduled_job_type.scheduled_job_type.run_scheduled_jo..., kwargs={'job_type': 'erpnext.crm.utils.open_leads_opportunities_based_on_todays_ev..., method='frappe.core.doctype.scheduled_job_type.scheduled_job_type.run_scheduled_jo..., site='erp.local', user='Administrator') (erp.local::scheduled_job::erpnext.crm.utils.open_leads_opportunities_based_on_todays_event)
2025-10-08 02:15:51,621 Users-thaidoantuan-workspace-frappe-dev-bench:long: Job OK (erp.local::scheduled_job::erpnext.crm.utils.open_leads_opportunities_based_on_todays_event)
2025-10-08 02:15:51,621 Result is kept for 600 seconds
2025-10-08 02:15:51,625 Users-thaidoantuan-workspace-frappe-dev-bench:long: frappe.utils.background_jobs.execute_job(event=None, is_async=True, job_name='frappe.core.doctype.scheduled_job_type.scheduled_job_type.run_scheduled_jo..., kwargs={'job_type': 'frappe.model.utils.user_settings.sync_user_settings'}, method='frappe.core.doctype.scheduled_job_type.scheduled_job_type.run_scheduled_jo..., site='erp.local', user='Administrator') (erp.local::scheduled_job::frappe.model.utils.user_settings.sync_user_settings)
2025-10-08 02:15:51,753 Users-thaidoantuan-workspace-frappe-dev-bench:long: Job OK (erp.local::scheduled_job::frappe.model.utils.user_settings.sync_user_settings)
2025-10-08 02:15:51,753 Result is kept for 600 seconds
2025-10-08 02:15:51,757 Users-thaidoantuan-workspace-frappe-dev-bench:long: frappe.utils.background_jobs.execute_job(event=None, is_async=True, job_name='frappe.core.doctype.scheduled_job_type.scheduled_job_type.run_scheduled_jo..., kwargs={'job_type': 'frappe.website.doctype.personal_data_deletion_request.persona..., method='frappe.core.doctype.scheduled_job_type.scheduled_job_type.run_scheduled_jo..., site='erp.local', user='Administrator') (erp.local::scheduled_job::frappe.website.doctype.personal_data_deletion_request.personal_data_deletion_request.remove_unverified_record)
2025-10-08 02:15:51,876 Users-thaidoantuan-workspace-frappe-dev-bench:long: Job OK (erp.local::scheduled_job::frappe.website.doctype.personal_data_deletion_request.personal_data_deletion_request.remove_unverified_record)
2025-10-08 02:15:51,876 Result is kept for 600 seconds
2025-10-08 02:15:51,880 Users-thaidoantuan-workspace-frappe-dev-bench:long: frappe.utils.background_jobs.execute_job(event=None, is_async=True, job_name='frappe.core.doctype.scheduled_job_type.scheduled_job_type.run_scheduled_jo..., kwargs={'job_type': 'frappe.integrations.doctype.s3_backup_settings.s3_backup_sett..., method='frappe.core.doctype.scheduled_job_type.scheduled_job_type.run_scheduled_jo..., site='erp.local', user='Administrator') (erp.local::scheduled_job::frappe.integrations.doctype.s3_backup_settings.s3_backup_settings.take_backups_daily)
2025-10-08 02:15:52,073 Users-thaidoantuan-workspace-frappe-dev-bench:long: Job OK (erp.local::scheduled_job::frappe.integrations.doctype.s3_backup_settings.s3_backup_settings.take_backups_daily)
2025-10-08 02:15:52,073 Result is kept for 600 seconds
2025-10-08 02:15:52,078 Users-thaidoantuan-workspace-frappe-dev-bench:long: frappe.utils.background_jobs.execute_job(event=None, is_async=True, job_name='frappe.core.doctype.scheduled_job_type.scheduled_job_type.run_scheduled_jo..., kwargs={'job_type': 'frappe.email.doctype.auto_email_report.auto_email_report.send..., method='frappe.core.doctype.scheduled_job_type.scheduled_job_type.run_scheduled_jo..., site='erp.local', user='Administrator') (erp.local::scheduled_job::frappe.email.doctype.auto_email_report.auto_email_report.send_daily)
2025-10-08 02:15:52,298 Users-thaidoantuan-workspace-frappe-dev-bench:long: Job OK (erp.local::scheduled_job::frappe.email.doctype.auto_email_report.auto_email_report.send_daily)
2025-10-08 02:15:52,298 Result is kept for 600 seconds
2025-10-08 02:15:52,303 Users-thaidoantuan-workspace-frappe-dev-bench:long: frappe.utils.background_jobs.execute_job(event=None, is_async=True, job_name='frappe.core.doctype.scheduled_job_type.scheduled_job_type.run_scheduled_jo..., kwargs={'job_type': 'frappe.desk.page.backups.backups.delete_downloadable_backups'..., method='frappe.core.doctype.scheduled_job_type.scheduled_job_type.run_scheduled_jo..., site='erp.local', user='Administrator') (erp.local::scheduled_job::frappe.desk.page.backups.backups.delete_downloadable_backups)
2025-10-08 02:15:52,437 Users-thaidoantuan-workspace-frappe-dev-bench:long: Job OK (erp.local::scheduled_job::frappe.desk.page.backups.backups.delete_downloadable_backups)
2025-10-08 02:15:52,437 Result is kept for 600 seconds
2025-10-08 02:15:52,441 Users-thaidoantuan-workspace-frappe-dev-bench:long: frappe.utils.background_jobs.execute_job(event=None, is_async=True, job_name='frappe.core.doctype.scheduled_job_type.scheduled_job_type.run_scheduled_jo..., kwargs={'job_type': 'erpnext.assets.doctype.asset.depreciation.post_depreciation_e..., method='frappe.core.doctype.scheduled_job_type.scheduled_job_type.run_scheduled_jo..., site='erp.local', user='Administrator') (erp.local::scheduled_job::erpnext.assets.doctype.asset.depreciation.post_depreciation_entries)
2025-10-08 02:15:52,615 Users-thaidoantuan-workspace-frappe-dev-bench:long: Job OK (erp.local::scheduled_job::erpnext.assets.doctype.asset.depreciation.post_depreciation_entries)
2025-10-08 02:15:52,615 Result is kept for 600 seconds
2025-10-08 02:15:52,620 Users-thaidoantuan-workspace-frappe-dev-bench:long: frappe.utils.background_jobs.execute_job(event=None, is_async=True, job_name='frappe.automation.doctype.auto_repeat.auto_repeat.create_repeated_entries', kwargs={'data': []}, method='frappe.automation.doctype.auto_repeat.auto_repeat.create_repeated_entries', site='erp.local', user='Administrator') (erp.local::02a9599f-6e80-40c1-aa37-2c82a3cef86d)
2025-10-08 02:15:52,679 Users-thaidoantuan-workspace-frappe-dev-bench:long: Job OK (erp.local::02a9599f-6e80-40c1-aa37-2c82a3cef86d)
2025-10-08 02:15:52,679 Result is kept for 600 seconds
2025-10-08 02:46:27,279 Cleaning registries for queue: Users-thaidoantuan-workspace-frappe-dev-bench:short
2025-10-08 02:46:27,282 Cleaning registries for queue: Users-thaidoantuan-workspace-frappe-dev-bench:default
2025-10-08 02:46:27,284 Cleaning registries for queue: Users-thaidoantuan-workspace-frappe-dev-bench:long
2025-10-08 03:47:31,626 Cleaning registries for queue: Users-thaidoantuan-workspace-frappe-dev-bench:short
2025-10-08 03:47:31,630 Cleaning registries for queue: Users-thaidoantuan-workspace-frappe-dev-bench:default
2025-10-08 03:47:31,633 Cleaning registries for queue: Users-thaidoantuan-workspace-frappe-dev-bench:long
2025-10-08 03:48:01,123 Users-thaidoantuan-workspace-frappe-dev-bench:long: frappe.utils.background_jobs.execute_job(event=None, is_async=True, job_name='frappe.core.doctype.scheduled_job_type.scheduled_job_type.run_scheduled_jo..., kwargs={'job_type': 'frappe.core.doctype.prepared_report.prepared_report.expire_st..., method='frappe.core.doctype.scheduled_job_type.scheduled_job_type.run_scheduled_jo..., site='erp.local', user='Administrator') (erp.local::scheduled_job::frappe.core.doctype.prepared_report.prepared_report.expire_stalled_report)
2025-10-08 03:48:01,345 Users-thaidoantuan-workspace-frappe-dev-bench:long: Job OK (erp.local::scheduled_job::frappe.core.doctype.prepared_report.prepared_report.expire_stalled_report)
2025-10-08 03:48:01,345 Result is kept for 600 seconds
2025-10-08 03:48:01,349 Users-thaidoantuan-workspace-frappe-dev-bench:default: frappe.utils.background_jobs.execute_job(event=None, is_async=True, job_name='frappe.core.doctype.scheduled_job_type.scheduled_job_type.run_scheduled_jo..., kwargs={'job_type': 'frappe.email.doctype.newsletter.newsletter.send_scheduled_ema..., method='frappe.core.doctype.scheduled_job_type.scheduled_job_type.run_scheduled_jo..., site='erp.local', user='Administrator') (erp.local::scheduled_job::frappe.email.doctype.newsletter.newsletter.send_scheduled_email)
2025-10-08 03:48:01,480 Users-thaidoantuan-workspace-frappe-dev-bench:default: Job OK (erp.local::scheduled_job::frappe.email.doctype.newsletter.newsletter.send_scheduled_email)
2025-10-08 03:48:01,480 Result is kept for 600 seconds
2025-10-08 03:48:01,485 Users-thaidoantuan-workspace-frappe-dev-bench:default: frappe.utils.background_jobs.execute_job(event=None, is_async=True, job_name='frappe.core.doctype.scheduled_job_type.scheduled_job_type.run_scheduled_jo..., kwargs={'job_type': 'frappe.integrations.doctype.google_calendar.google_calendar.s..., method='frappe.core.doctype.scheduled_job_type.scheduled_job_type.run_scheduled_jo..., site='erp.local', user='Administrator') (erp.local::scheduled_job::frappe.integrations.doctype.google_calendar.google_calendar.sync)
2025-10-08 03:48:01,648 Users-thaidoantuan-workspace-frappe-dev-bench:default: Job OK (erp.local::scheduled_job::frappe.integrations.doctype.google_calendar.google_calendar.sync)
2025-10-08 03:48:01,648 Result is kept for 600 seconds
2025-10-08 03:48:01,652 Users-thaidoantuan-workspace-frappe-dev-bench:default: frappe.utils.background_jobs.execute_job(event=None, is_async=True, job_name='frappe.core.doctype.scheduled_job_type.scheduled_job_type.run_scheduled_jo..., kwargs={'job_type': 'erpnext.projects.doctype.project.project.collect_project_stat..., method='frappe.core.doctype.scheduled_job_type.scheduled_job_type.run_scheduled_jo..., site='erp.local', user='Administrator') (erp.local::scheduled_job::erpnext.projects.doctype.project.project.collect_project_status)
2025-10-08 03:48:01,788 Users-thaidoantuan-workspace-frappe-dev-bench:default: Job OK (erp.local::scheduled_job::erpnext.projects.doctype.project.project.collect_project_status)
2025-10-08 03:48:01,788 Result is kept for 600 seconds
2025-10-08 03:48:01,793 Users-thaidoantuan-workspace-frappe-dev-bench:default: frappe.utils.background_jobs.execute_job(event=None, is_async=True, job_name='frappe.core.doctype.scheduled_job_type.scheduled_job_type.run_scheduled_jo..., kwargs={'job_type': 'frappe.email.queue.retry_sending_emails'}, method='frappe.core.doctype.scheduled_job_type.scheduled_job_type.run_scheduled_jo..., site='erp.local', user='Administrator') (erp.local::scheduled_job::frappe.email.queue.retry_sending_emails)
2025-10-08 03:48:01,876 Users-thaidoantuan-workspace-frappe-dev-bench:default: Job OK (erp.local::scheduled_job::frappe.email.queue.retry_sending_emails)
2025-10-08 03:48:01,876 Result is kept for 600 seconds
2025-10-08 03:48:01,880 Users-thaidoantuan-workspace-frappe-dev-bench:default: frappe.utils.background_jobs.execute_job(event=None, is_async=True, job_name='frappe.core.doctype.scheduled_job_type.scheduled_job_type.run_scheduled_jo..., kwargs={'job_type': 'erpnext.manufacturing.doctype.bom_update_log.bom_update_log.r..., method='frappe.core.doctype.scheduled_job_type.scheduled_job_type.run_scheduled_jo..., site='erp.local', user='Administrator') (erp.local::scheduled_job::erpnext.manufacturing.doctype.bom_update_log.bom_update_log.resume_bom_cost_update_jobs)
2025-10-08 03:48:02,004 Users-thaidoantuan-workspace-frappe-dev-bench:default: Job OK (erp.local::scheduled_job::erpnext.manufacturing.doctype.bom_update_log.bom_update_log.resume_bom_cost_update_jobs)
2025-10-08 03:48:02,005 Result is kept for 600 seconds
2025-10-08 03:48:02,009 Users-thaidoantuan-workspace-frappe-dev-bench:default: frappe.utils.background_jobs.execute_job(event=None, is_async=True, job_name='frappe.core.doctype.scheduled_job_type.scheduled_job_type.run_scheduled_jo..., kwargs={'job_type': 'frappe.automation.doctype.reminder.reminder.send_reminders'}, method='frappe.core.doctype.scheduled_job_type.scheduled_job_type.run_scheduled_jo..., site='erp.local', user='Administrator') (erp.local::scheduled_job::frappe.automation.doctype.reminder.reminder.send_reminders)
2025-10-08 03:48:02,130 Users-thaidoantuan-workspace-frappe-dev-bench:default: Job OK (erp.local::scheduled_job::frappe.automation.doctype.reminder.reminder.send_reminders)
2025-10-08 03:48:02,130 Result is kept for 600 seconds
2025-10-08 03:48:02,134 Users-thaidoantuan-workspace-frappe-dev-bench:default: frappe.utils.background_jobs.execute_job(event=None, is_async=True, job_name='frappe.core.doctype.scheduled_job_type.scheduled_job_type.run_scheduled_jo..., kwargs={'job_type': 'frappe.email.doctype.email_account.email_account.notify_unrep..., method='frappe.core.doctype.scheduled_job_type.scheduled_job_type.run_scheduled_jo..., site='erp.local', user='Administrator') (erp.local::scheduled_job::frappe.email.doctype.email_account.email_account.notify_unreplied)
2025-10-08 03:48:02,251 Users-thaidoantuan-workspace-frappe-dev-bench:default: Job OK (erp.local::scheduled_job::frappe.email.doctype.email_account.email_account.notify_unreplied)
2025-10-08 03:48:02,251 Result is kept for 600 seconds
2025-10-08 03:48:02,255 Users-thaidoantuan-workspace-frappe-dev-bench:default: frappe.utils.background_jobs.execute_job(event=None, is_async=True, job_name='frappe.core.doctype.scheduled_job_type.scheduled_job_type.run_scheduled_jo..., kwargs={'job_type': 'erpnext.projects.doctype.project.project.project_status_updat..., method='frappe.core.doctype.scheduled_job_type.scheduled_job_type.run_scheduled_jo..., site='erp.local', user='Administrator') (erp.local::scheduled_job::erpnext.projects.doctype.project.project.project_status_update_reminder)
2025-10-08 03:48:02,368 Users-thaidoantuan-workspace-frappe-dev-bench:default: Job OK (erp.local::scheduled_job::erpnext.projects.doctype.project.project.project_status_update_reminder)
2025-10-08 03:48:02,369 Result is kept for 600 seconds
2025-10-08 03:48:02,373 Users-thaidoantuan-workspace-frappe-dev-bench:default: frappe.utils.background_jobs.execute_job(event=None, is_async=True, job_name='frappe.core.doctype.scheduled_job_type.scheduled_job_type.run_scheduled_jo..., kwargs={'job_type': 'erpnext.utilities.doctype.video.video.update_youtube_data'}, method='frappe.core.doctype.scheduled_job_type.scheduled_job_type.run_scheduled_jo..., site='erp.local', user='Administrator') (erp.local::scheduled_job::erpnext.utilities.doctype.video.video.update_youtube_data)
2025-10-08 03:48:02,523 Users-thaidoantuan-workspace-frappe-dev-bench:default: Job OK (erp.local::scheduled_job::erpnext.utilities.doctype.video.video.update_youtube_data)
2025-10-08 03:48:02,524 Result is kept for 600 seconds
2025-10-08 03:48:02,527 Users-thaidoantuan-workspace-frappe-dev-bench:default: frappe.utils.background_jobs.execute_job(event=None, is_async=True, job_name='frappe.core.doctype.scheduled_job_type.scheduled_job_type.run_scheduled_jo..., kwargs={'job_type': 'frappe.email.doctype.email_account.email_account.pull'}, method='frappe.core.doctype.scheduled_job_type.scheduled_job_type.run_scheduled_jo..., site='erp.local', user='Administrator') (erp.local::scheduled_job::frappe.email.doctype.email_account.email_account.pull)
2025-10-08 03:48:02,641 Users-thaidoantuan-workspace-frappe-dev-bench:default: Job OK (erp.local::scheduled_job::frappe.email.doctype.email_account.email_account.pull)
2025-10-08 03:48:02,641 Result is kept for 600 seconds
2025-10-08 03:48:02,645 Users-thaidoantuan-workspace-frappe-dev-bench:default: frappe.utils.background_jobs.execute_job(event=None, is_async=True, job_name='frappe.core.doctype.scheduled_job_type.scheduled_job_type.run_scheduled_jo..., kwargs={'job_type': 'frappe.monitor.flush'}, method='frappe.core.doctype.scheduled_job_type.scheduled_job_type.run_scheduled_jo..., site='erp.local', user='Administrator') (erp.local::scheduled_job::frappe.monitor.flush)
2025-10-08 03:48:02,730 Users-thaidoantuan-workspace-frappe-dev-bench:default: Job OK (erp.local::scheduled_job::frappe.monitor.flush)
2025-10-08 03:48:02,730 Result is kept for 600 seconds
2025-10-08 03:48:02,734 Users-thaidoantuan-workspace-frappe-dev-bench:default: frappe.utils.background_jobs.execute_job(event=None, is_async=True, job_name='frappe.core.doctype.scheduled_job_type.scheduled_job_type.run_scheduled_jo..., kwargs={'job_type': 'frappe.utils.global_search.sync_global_search'}, method='frappe.core.doctype.scheduled_job_type.scheduled_job_type.run_scheduled_jo..., site='erp.local', user='Administrator') (erp.local::scheduled_job::frappe.utils.global_search.sync_global_search)
2025-10-08 03:48:02,838 Users-thaidoantuan-workspace-frappe-dev-bench:default: Job OK (erp.local::scheduled_job::frappe.utils.global_search.sync_global_search)
2025-10-08 03:48:02,838 Result is kept for 600 seconds
2025-10-08 03:48:02,842 Users-thaidoantuan-workspace-frappe-dev-bench:default: frappe.utils.background_jobs.execute_job(event=None, is_async=True, job_name='frappe.core.doctype.scheduled_job_type.scheduled_job_type.run_scheduled_jo..., kwargs={'job_type': 'erpnext.accounts.doctype.gl_entry.gl_entry.rename_gle_sle_doc..., method='frappe.core.doctype.scheduled_job_type.scheduled_job_type.run_scheduled_jo..., site='erp.local', user='Administrator') (erp.local::scheduled_job::erpnext.accounts.doctype.gl_entry.gl_entry.rename_gle_sle_docs)
2025-10-08 03:48:02,998 Users-thaidoantuan-workspace-frappe-dev-bench:default: Job OK (erp.local::scheduled_job::erpnext.accounts.doctype.gl_entry.gl_entry.rename_gle_sle_docs)
2025-10-08 03:48:02,998 Result is kept for 600 seconds
2025-10-08 03:48:03,002 Users-thaidoantuan-workspace-frappe-dev-bench:default: frappe.utils.background_jobs.execute_job(event=None, is_async=True, job_name='frappe.core.doctype.scheduled_job_type.scheduled_job_type.run_scheduled_jo..., kwargs={'job_type': 'erpnext.erpnext_integrations.doctype.plaid_settings.plaid_set..., method='frappe.core.doctype.scheduled_job_type.scheduled_job_type.run_scheduled_jo..., site='erp.local', user='Administrator') (erp.local::scheduled_job::erpnext.erpnext_integrations.doctype.plaid_settings.plaid_settings.automatic_synchronization)
2025-10-08 03:48:03,117 Users-thaidoantuan-workspace-frappe-dev-bench:default: Job OK (erp.local::scheduled_job::erpnext.erpnext_integrations.doctype.plaid_settings.plaid_settings.automatic_synchronization)
2025-10-08 03:48:03,117 Result is kept for 600 seconds
2025-10-08 03:48:03,121 Users-thaidoantuan-workspace-frappe-dev-bench:default: frappe.utils.background_jobs.execute_job(event=None, is_async=True, job_name='frappe.core.doctype.scheduled_job_type.scheduled_job_type.run_scheduled_jo..., kwargs={'job_type': 'frappe.search.sqlite_search.build_index_if_not_exists'}, method='frappe.core.doctype.scheduled_job_type.scheduled_job_type.run_scheduled_jo..., site='erp.local', user='Administrator') (erp.local::scheduled_job::frappe.search.sqlite_search.build_index_if_not_exists)
2025-10-08 03:48:03,225 Users-thaidoantuan-workspace-frappe-dev-bench:default: Job OK (erp.local::scheduled_job::frappe.search.sqlite_search.build_index_if_not_exists)
2025-10-08 03:48:03,225 Result is kept for 600 seconds
2025-10-08 03:48:03,229 Users-thaidoantuan-workspace-frappe-dev-bench:default: frappe.utils.background_jobs.execute_job(event=None, is_async=True, job_name='frappe.core.doctype.scheduled_job_type.scheduled_job_type.run_scheduled_jo..., kwargs={'job_type': 'erpnext.projects.doctype.project.project.hourly_reminder'}, method='frappe.core.doctype.scheduled_job_type.scheduled_job_type.run_scheduled_jo..., site='erp.local', user='Administrator') (erp.local::scheduled_job::erpnext.projects.doctype.project.project.hourly_reminder)
2025-10-08 03:48:03,346 Users-thaidoantuan-workspace-frappe-dev-bench:default: Job OK (erp.local::scheduled_job::erpnext.projects.doctype.project.project.hourly_reminder)
2025-10-08 03:48:03,346 Result is kept for 600 seconds
2025-10-08 03:48:03,351 Users-thaidoantuan-workspace-frappe-dev-bench:default: frappe.utils.background_jobs.execute_job(event=None, is_async=True, job_name='frappe.core.doctype.scheduled_job_type.scheduled_job_type.run_scheduled_jo..., kwargs={'job_type': 'frappe.email.queue.flush'}, method='frappe.core.doctype.scheduled_job_type.scheduled_job_type.run_scheduled_jo..., site='erp.local', user='Administrator') (erp.local::scheduled_job::frappe.email.queue.flush)
2025-10-08 03:48:03,482 Users-thaidoantuan-workspace-frappe-dev-bench:default: Job OK (erp.local::scheduled_job::frappe.email.queue.flush)
2025-10-08 03:48:03,482 Result is kept for 600 seconds
2025-10-08 03:48:03,488 Users-thaidoantuan-workspace-frappe-dev-bench:default: frappe.utils.background_jobs.execute_job(event=None, is_async=True, job_name='frappe.core.doctype.scheduled_job_type.scheduled_job_type.run_scheduled_jo..., kwargs={'job_type': 'frappe.deferred_insert.save_to_db'}, method='frappe.core.doctype.scheduled_job_type.scheduled_job_type.run_scheduled_jo..., site='erp.local', user='Administrator') (erp.local::scheduled_job::frappe.deferred_insert.save_to_db)
2025-10-08 03:48:03,590 Users-thaidoantuan-workspace-frappe-dev-bench:default: Job OK (erp.local::scheduled_job::frappe.deferred_insert.save_to_db)
2025-10-08 03:48:03,591 Result is kept for 600 seconds
2025-10-08 03:48:03,594 Users-thaidoantuan-workspace-frappe-dev-bench:default: frappe.utils.background_jobs.execute_job(event=None, is_async=True, job_name='frappe.core.doctype.scheduled_job_type.scheduled_job_type.run_scheduled_jo..., kwargs={'job_type': 'frappe.model.utils.link_count.update_link_count'}, method='frappe.core.doctype.scheduled_job_type.scheduled_job_type.run_scheduled_jo..., site='erp.local', user='Administrator') (erp.local::scheduled_job::frappe.model.utils.link_count.update_link_count)
2025-10-08 03:48:03,701 Users-thaidoantuan-workspace-frappe-dev-bench:default: Job OK (erp.local::scheduled_job::frappe.model.utils.link_count.update_link_count)
2025-10-08 03:48:03,701 Result is kept for 600 seconds
2025-10-08 03:48:03,705 Users-thaidoantuan-workspace-frappe-dev-bench:default: frappe.utils.background_jobs.execute_job(event=None, is_async=True, job_name='frappe.core.doctype.scheduled_job_type.scheduled_job_type.run_scheduled_jo..., kwargs={'job_type': 'frappe.pulse.client.send_queued_events'}, method='frappe.core.doctype.scheduled_job_type.scheduled_job_type.run_scheduled_jo..., site='erp.local', user='Administrator') (erp.local::scheduled_job::frappe.pulse.client.send_queued_events)
2025-10-08 03:48:03,843 Users-thaidoantuan-workspace-frappe-dev-bench:default: Job OK (erp.local::scheduled_job::frappe.pulse.client.send_queued_events)
2025-10-08 03:48:03,844 Result is kept for 600 seconds
2025-10-08 03:48:03,847 Users-thaidoantuan-workspace-frappe-dev-bench:long: frappe.utils.background_jobs.execute_job(event=None, is_async=True, job_name='frappe.core.doctype.scheduled_job_type.scheduled_job_type.run_scheduled_jo..., kwargs={'job_type': 'frappe.oauth.delete_oauth2_data'}, method='frappe.core.doctype.scheduled_job_type.scheduled_job_type.run_scheduled_jo..., site='erp.local', user='Administrator') (erp.local::scheduled_job::frappe.oauth.delete_oauth2_data)
2025-10-08 03:48:03,961 Users-thaidoantuan-workspace-frappe-dev-bench:long: Job OK (erp.local::scheduled_job::frappe.oauth.delete_oauth2_data)
2025-10-08 03:48:03,962 Result is kept for 600 seconds
2025-10-08 03:48:03,965 Users-thaidoantuan-workspace-frappe-dev-bench:long: frappe.utils.background_jobs.execute_job(event=None, is_async=True, job_name='frappe.core.doctype.scheduled_job_type.scheduled_job_type.run_scheduled_jo..., kwargs={'job_type': 'erpnext.utilities.bulk_transaction.retry'}, method='frappe.core.doctype.scheduled_job_type.scheduled_job_type.run_scheduled_jo..., site='erp.local', user='Administrator') (erp.local::scheduled_job::erpnext.utilities.bulk_transaction.retry)
2025-10-08 03:48:04,082 Users-thaidoantuan-workspace-frappe-dev-bench:long: Job OK (erp.local::scheduled_job::erpnext.utilities.bulk_transaction.retry)
2025-10-08 03:48:04,082 Result is kept for 600 seconds
2025-10-08 03:48:04,086 Users-thaidoantuan-workspace-frappe-dev-bench:long: frappe.utils.background_jobs.execute_job(event=None, is_async=True, job_name='frappe.core.doctype.scheduled_job_type.scheduled_job_type.run_scheduled_jo..., kwargs={'job_type': 'erpnext.stock.doctype.repost_item_valuation.repost_item_valua..., method='frappe.core.doctype.scheduled_job_type.scheduled_job_type.run_scheduled_jo..., site='erp.local', user='Administrator') (erp.local::scheduled_job::erpnext.stock.doctype.repost_item_valuation.repost_item_valuation.repost_entries)
2025-10-08 03:48:04,214 Users-thaidoantuan-workspace-frappe-dev-bench:long: Job OK (erp.local::scheduled_job::erpnext.stock.doctype.repost_item_valuation.repost_item_valuation.repost_entries)
2025-10-08 03:48:04,214 Result is kept for 600 seconds
2025-10-08 03:48:04,219 Users-thaidoantuan-workspace-frappe-dev-bench:long: frappe.utils.background_jobs.execute_job(event=None, is_async=True, job_name='frappe.core.doctype.scheduled_job_type.scheduled_job_type.run_scheduled_jo..., kwargs={'job_type': 'frappe.twofactor.delete_all_barcodes_for_users'}, method='frappe.core.doctype.scheduled_job_type.scheduled_job_type.run_scheduled_jo..., site='erp.local', user='Administrator') (erp.local::scheduled_job::frappe.twofactor.delete_all_barcodes_for_users)
2025-10-08 03:48:04,334 Users-thaidoantuan-workspace-frappe-dev-bench:long: Job OK (erp.local::scheduled_job::frappe.twofactor.delete_all_barcodes_for_users)
2025-10-08 03:48:04,334 Result is kept for 600 seconds
2025-10-08 03:48:04,339 Users-thaidoantuan-workspace-frappe-dev-bench:long: frappe.utils.background_jobs.execute_job(event=None, is_async=True, job_name='frappe.core.doctype.scheduled_job_type.scheduled_job_type.run_scheduled_jo..., kwargs={'job_type': 'frappe.model.utils.user_settings.sync_user_settings'}, method='frappe.core.doctype.scheduled_job_type.scheduled_job_type.run_scheduled_jo..., site='erp.local', user='Administrator') (erp.local::scheduled_job::frappe.model.utils.user_settings.sync_user_settings)
2025-10-08 03:48:04,449 Users-thaidoantuan-workspace-frappe-dev-bench:long: Job OK (erp.local::scheduled_job::frappe.model.utils.user_settings.sync_user_settings)
2025-10-08 03:48:04,449 Result is kept for 600 seconds
2025-10-08 03:48:04,454 Users-thaidoantuan-workspace-frappe-dev-bench:long: frappe.utils.background_jobs.execute_job(event=None, is_async=True, job_name='frappe.core.doctype.scheduled_job_type.scheduled_job_type.run_scheduled_jo..., kwargs={'job_type': 'frappe.website.doctype.personal_data_deletion_request.persona..., method='frappe.core.doctype.scheduled_job_type.scheduled_job_type.run_scheduled_jo..., site='erp.local', user='Administrator') (erp.local::scheduled_job::frappe.website.doctype.personal_data_deletion_request.personal_data_deletion_request.process_data_deletion_request)
2025-10-08 03:48:04,574 Users-thaidoantuan-workspace-frappe-dev-bench:long: Job OK (erp.local::scheduled_job::frappe.website.doctype.personal_data_deletion_request.personal_data_deletion_request.process_data_deletion_request)
2025-10-08 03:48:04,574 Result is kept for 600 seconds
2025-10-08 03:48:04,578 Users-thaidoantuan-workspace-frappe-dev-bench:long: frappe.utils.background_jobs.execute_job(event=None, is_async=True, job_name='frappe.core.doctype.scheduled_job_type.scheduled_job_type.run_scheduled_jo..., kwargs={'job_type': 'frappe.desk.form.document_follow.send_hourly_updates'}, method='frappe.core.doctype.scheduled_job_type.scheduled_job_type.run_scheduled_jo..., site='erp.local', user='Administrator') (erp.local::scheduled_job::frappe.desk.form.document_follow.send_hourly_updates)
2025-10-08 03:48:04,690 Users-thaidoantuan-workspace-frappe-dev-bench:long: Job OK (erp.local::scheduled_job::frappe.desk.form.document_follow.send_hourly_updates)
2025-10-08 03:48:04,691 Result is kept for 600 seconds
2025-10-08 03:48:04,696 Users-thaidoantuan-workspace-frappe-dev-bench:long: frappe.utils.background_jobs.execute_job(event=None, is_async=True, job_name='frappe.core.doctype.scheduled_job_type.scheduled_job_type.run_scheduled_jo..., kwargs={'job_type': 'frappe.desk.utils.delete_old_exported_report_files'}, method='frappe.core.doctype.scheduled_job_type.scheduled_job_type.run_scheduled_jo..., site='erp.local', user='Administrator') (erp.local::scheduled_job::frappe.desk.utils.delete_old_exported_report_files)
2025-10-08 03:48:04,814 Users-thaidoantuan-workspace-frappe-dev-bench:long: Job OK (erp.local::scheduled_job::frappe.desk.utils.delete_old_exported_report_files)
2025-10-08 03:48:04,814 Result is kept for 600 seconds
2025-10-08 03:48:04,819 Users-thaidoantuan-workspace-frappe-dev-bench:long: frappe.utils.background_jobs.execute_job(event=None, is_async=True, job_name='frappe.core.doctype.scheduled_job_type.scheduled_job_type.run_scheduled_jo..., kwargs={'job_type': 'frappe.website.doctype.web_page.web_page.check_publish_status..., method='frappe.core.doctype.scheduled_job_type.scheduled_job_type.run_scheduled_jo..., site='erp.local', user='Administrator') (erp.local::scheduled_job::frappe.website.doctype.web_page.web_page.check_publish_status)
2025-10-08 03:48:04,963 Users-thaidoantuan-workspace-frappe-dev-bench:long: Job OK (erp.local::scheduled_job::frappe.website.doctype.web_page.web_page.check_publish_status)
2025-10-08 03:48:04,963 Result is kept for 600 seconds
2025-10-08 03:48:04,968 Users-thaidoantuan-workspace-frappe-dev-bench:long: frappe.utils.background_jobs.execute_job(event=None, is_async=True, job_name='frappe.core.doctype.scheduled_job_type.scheduled_job_type.run_scheduled_jo..., kwargs={'job_type': 'frappe.desk.page.backups.backups.delete_downloadable_backups'..., method='frappe.core.doctype.scheduled_job_type.scheduled_job_type.run_scheduled_jo..., site='erp.local', user='Administrator') (erp.local::scheduled_job::frappe.desk.page.backups.backups.delete_downloadable_backups)
2025-10-08 03:48:05,134 Users-thaidoantuan-workspace-frappe-dev-bench:long: Job OK (erp.local::scheduled_job::frappe.desk.page.backups.backups.delete_downloadable_backups)
2025-10-08 03:48:05,136 Result is kept for 600 seconds
2025-10-08 03:50:42,757 Users-thaidoantuan-workspace-frappe-dev-bench:default: frappe.utils.background_jobs.execute_job(event=None, is_async=True, job_name='frappe.core.doctype.scheduled_job_type.scheduled_job_type.run_scheduled_jo..., kwargs={'job_type': 'frappe.email.doctype.email_account.email_account.pull'}, method='frappe.core.doctype.scheduled_job_type.scheduled_job_type.run_scheduled_jo..., site='erp.local', user='Administrator') (erp.local::scheduled_job::frappe.email.doctype.email_account.email_account.pull)
2025-10-08 03:50:42,988 Users-thaidoantuan-workspace-frappe-dev-bench:default: Job OK (erp.local::scheduled_job::frappe.email.doctype.email_account.email_account.pull)
2025-10-08 03:50:42,988 Result is kept for 600 seconds
2025-10-08 05:09:00,202 Cleaning registries for queue: Users-thaidoantuan-workspace-frappe-dev-bench:short
2025-10-08 05:09:00,206 Cleaning registries for queue: Users-thaidoantuan-workspace-frappe-dev-bench:default
2025-10-08 05:09:00,209 Cleaning registries for queue: Users-thaidoantuan-workspace-frappe-dev-bench:long
2025-10-08 05:24:33,509 Users-thaidoantuan-workspace-frappe-dev-bench:default: frappe.utils.background_jobs.execute_job(event=None, is_async=True, job_name='frappe.core.doctype.scheduled_job_type.scheduled_job_type.run_scheduled_jo..., kwargs={'job_type': 'erpnext.accounts.doctype.gl_entry.gl_entry.rename_gle_sle_doc..., method='frappe.core.doctype.scheduled_job_type.scheduled_job_type.run_scheduled_jo..., site='erp.local', user='Administrator') (erp.local::scheduled_job::erpnext.accounts.doctype.gl_entry.gl_entry.rename_gle_sle_docs)
2025-10-08 05:24:33,756 Users-thaidoantuan-workspace-frappe-dev-bench:default: Job OK (erp.local::scheduled_job::erpnext.accounts.doctype.gl_entry.gl_entry.rename_gle_sle_docs)
2025-10-08 05:24:33,756 Result is kept for 600 seconds
2025-10-08 05:24:33,762 Users-thaidoantuan-workspace-frappe-dev-bench:default: frappe.utils.background_jobs.execute_job(event=None, is_async=True, job_name='frappe.core.doctype.scheduled_job_type.scheduled_job_type.run_scheduled_jo..., kwargs={'job_type': 'erpnext.utilities.doctype.video.video.update_youtube_data'}, method='frappe.core.doctype.scheduled_job_type.scheduled_job_type.run_scheduled_jo..., site='erp.local', user='Administrator') (erp.local::scheduled_job::erpnext.utilities.doctype.video.video.update_youtube_data)
2025-10-08 05:24:33,918 Users-thaidoantuan-workspace-frappe-dev-bench:default: Job OK (erp.local::scheduled_job::erpnext.utilities.doctype.video.video.update_youtube_data)
2025-10-08 05:24:33,919 Result is kept for 600 seconds
2025-10-08 05:24:33,922 Users-thaidoantuan-workspace-frappe-dev-bench:default: frappe.utils.background_jobs.execute_job(event=None, is_async=True, job_name='frappe.core.doctype.scheduled_job_type.scheduled_job_type.run_scheduled_jo..., kwargs={'job_type': 'frappe.automation.doctype.reminder.reminder.send_reminders'}, method='frappe.core.doctype.scheduled_job_type.scheduled_job_type.run_scheduled_jo..., site='erp.local', user='Administrator') (erp.local::scheduled_job::frappe.automation.doctype.reminder.reminder.send_reminders)
2025-10-08 05:24:34,031 Users-thaidoantuan-workspace-frappe-dev-bench:default: Job OK (erp.local::scheduled_job::frappe.automation.doctype.reminder.reminder.send_reminders)
2025-10-08 05:24:34,032 Result is kept for 600 seconds
2025-10-08 05:24:34,036 Users-thaidoantuan-workspace-frappe-dev-bench:default: frappe.utils.background_jobs.execute_job(event=None, is_async=True, job_name='frappe.core.doctype.scheduled_job_type.scheduled_job_type.run_scheduled_jo..., kwargs={'job_type': 'frappe.email.doctype.newsletter.newsletter.send_scheduled_ema..., method='frappe.core.doctype.scheduled_job_type.scheduled_job_type.run_scheduled_jo..., site='erp.local', user='Administrator') (erp.local::scheduled_job::frappe.email.doctype.newsletter.newsletter.send_scheduled_email)
2025-10-08 05:24:34,148 Users-thaidoantuan-workspace-frappe-dev-bench:default: Job OK (erp.local::scheduled_job::frappe.email.doctype.newsletter.newsletter.send_scheduled_email)
2025-10-08 05:24:34,148 Result is kept for 600 seconds
2025-10-08 05:24:34,153 Users-thaidoantuan-workspace-frappe-dev-bench:default: frappe.utils.background_jobs.execute_job(event=None, is_async=True, job_name='frappe.core.doctype.scheduled_job_type.scheduled_job_type.run_scheduled_jo..., kwargs={'job_type': 'frappe.deferred_insert.save_to_db'}, method='frappe.core.doctype.scheduled_job_type.scheduled_job_type.run_scheduled_jo..., site='erp.local', user='Administrator') (erp.local::scheduled_job::frappe.deferred_insert.save_to_db)
2025-10-08 05:24:34,262 Users-thaidoantuan-workspace-frappe-dev-bench:default: Job OK (erp.local::scheduled_job::frappe.deferred_insert.save_to_db)
2025-10-08 05:24:34,262 Result is kept for 600 seconds
2025-10-08 05:24:34,266 Users-thaidoantuan-workspace-frappe-dev-bench:default: frappe.utils.background_jobs.execute_job(event=None, is_async=True, job_name='frappe.core.doctype.scheduled_job_type.scheduled_job_type.run_scheduled_jo..., kwargs={'job_type': 'frappe.pulse.client.send_queued_events'}, method='frappe.core.doctype.scheduled_job_type.scheduled_job_type.run_scheduled_jo..., site='erp.local', user='Administrator') (erp.local::scheduled_job::frappe.pulse.client.send_queued_events)
2025-10-08 05:24:34,377 Users-thaidoantuan-workspace-frappe-dev-bench:default: Job OK (erp.local::scheduled_job::frappe.pulse.client.send_queued_events)
2025-10-08 05:24:34,377 Result is kept for 600 seconds
2025-10-08 05:24:34,382 Users-thaidoantuan-workspace-frappe-dev-bench:default: frappe.utils.background_jobs.execute_job(event=None, is_async=True, job_name='frappe.core.doctype.scheduled_job_type.scheduled_job_type.run_scheduled_jo..., kwargs={'job_type': 'erpnext.erpnext_integrations.doctype.plaid_settings.plaid_set..., method='frappe.core.doctype.scheduled_job_type.scheduled_job_type.run_scheduled_jo..., site='erp.local', user='Administrator') (erp.local::scheduled_job::erpnext.erpnext_integrations.doctype.plaid_settings.plaid_settings.automatic_synchronization)
2025-10-08 05:42:00,465 Users-thaidoantuan-workspace-frappe-dev-bench:default: Job OK (erp.local::scheduled_job::erpnext.erpnext_integrations.doctype.plaid_settings.plaid_settings.automatic_synchronization)
2025-10-08 05:42:00,465 Result is kept for 600 seconds
2025-10-08 05:42:00,476 Users-thaidoantuan-workspace-frappe-dev-bench:default: frappe.utils.background_jobs.execute_job(event=None, is_async=True, job_name='frappe.core.doctype.scheduled_job_type.scheduled_job_type.run_scheduled_jo..., kwargs={'job_type': 'frappe.monitor.flush'}, method='frappe.core.doctype.scheduled_job_type.scheduled_job_type.run_scheduled_jo..., site='erp.local', user='Administrator') (erp.local::scheduled_job::frappe.monitor.flush)
2025-10-08 05:42:00,564 Users-thaidoantuan-workspace-frappe-dev-bench:default: Job OK (erp.local::scheduled_job::frappe.monitor.flush)
2025-10-08 05:42:00,564 Result is kept for 600 seconds
2025-10-08 05:42:00,569 Users-thaidoantuan-workspace-frappe-dev-bench:default: frappe.utils.background_jobs.execute_job(event=None, is_async=True, job_name='frappe.core.doctype.scheduled_job_type.scheduled_job_type.run_scheduled_jo..., kwargs={'job_type': 'frappe.integrations.doctype.google_calendar.google_calendar.s..., method='frappe.core.doctype.scheduled_job_type.scheduled_job_type.run_scheduled_jo..., site='erp.local', user='Administrator') (erp.local::scheduled_job::frappe.integrations.doctype.google_calendar.google_calendar.sync)
2025-10-08 05:42:00,708 Users-thaidoantuan-workspace-frappe-dev-bench:default: Job OK (erp.local::scheduled_job::frappe.integrations.doctype.google_calendar.google_calendar.sync)
2025-10-08 05:42:00,708 Result is kept for 600 seconds
2025-10-08 05:42:00,712 Users-thaidoantuan-workspace-frappe-dev-bench:default: frappe.utils.background_jobs.execute_job(event=None, is_async=True, job_name='frappe.core.doctype.scheduled_job_type.scheduled_job_type.run_scheduled_jo..., kwargs={'job_type': 'frappe.email.queue.flush'}, method='frappe.core.doctype.scheduled_job_type.scheduled_job_type.run_scheduled_jo..., site='erp.local', user='Administrator') (erp.local::scheduled_job::frappe.email.queue.flush)
2025-10-08 05:42:00,866 Users-thaidoantuan-workspace-frappe-dev-bench:default: Job OK (erp.local::scheduled_job::frappe.email.queue.flush)
2025-10-08 05:42:00,873 Result is kept for 600 seconds
2025-10-08 05:42:00,892 Users-thaidoantuan-workspace-frappe-dev-bench:default: frappe.utils.background_jobs.execute_job(event=None, is_async=True, job_name='frappe.core.doctype.scheduled_job_type.scheduled_job_type.run_scheduled_jo..., kwargs={'job_type': 'erpnext.projects.doctype.project.project.collect_project_stat..., method='frappe.core.doctype.scheduled_job_type.scheduled_job_type.run_scheduled_jo..., site='erp.local', user='Administrator') (erp.local::scheduled_job::erpnext.projects.doctype.project.project.collect_project_status)
2025-10-08 05:42:01,037 Users-thaidoantuan-workspace-frappe-dev-bench:default: Job OK (erp.local::scheduled_job::erpnext.projects.doctype.project.project.collect_project_status)
2025-10-08 05:42:01,037 Result is kept for 600 seconds
2025-10-08 05:42:01,041 Users-thaidoantuan-workspace-frappe-dev-bench:default: frappe.utils.background_jobs.execute_job(event=None, is_async=True, job_name='frappe.core.doctype.scheduled_job_type.scheduled_job_type.run_scheduled_jo..., kwargs={'job_type': 'frappe.model.utils.link_count.update_link_count'}, method='frappe.core.doctype.scheduled_job_type.scheduled_job_type.run_scheduled_jo..., site='erp.local', user='Administrator') (erp.local::scheduled_job::frappe.model.utils.link_count.update_link_count)
2025-10-08 05:42:01,142 Users-thaidoantuan-workspace-frappe-dev-bench:default: Job OK (erp.local::scheduled_job::frappe.model.utils.link_count.update_link_count)
2025-10-08 05:42:01,142 Result is kept for 600 seconds
2025-10-08 05:42:01,146 Users-thaidoantuan-workspace-frappe-dev-bench:default: frappe.utils.background_jobs.execute_job(event=None, is_async=True, job_name='frappe.core.doctype.scheduled_job_type.scheduled_job_type.run_scheduled_jo..., kwargs={'job_type': 'frappe.search.sqlite_search.build_index_if_not_exists'}, method='frappe.core.doctype.scheduled_job_type.scheduled_job_type.run_scheduled_jo..., site='erp.local', user='Administrator') (erp.local::scheduled_job::frappe.search.sqlite_search.build_index_if_not_exists)
2025-10-08 05:42:01,261 Users-thaidoantuan-workspace-frappe-dev-bench:default: Job OK (erp.local::scheduled_job::frappe.search.sqlite_search.build_index_if_not_exists)
2025-10-08 05:42:01,261 Result is kept for 600 seconds
2025-10-08 05:42:01,265 Users-thaidoantuan-workspace-frappe-dev-bench:default: frappe.utils.background_jobs.execute_job(event=None, is_async=True, job_name='frappe.core.doctype.scheduled_job_type.scheduled_job_type.run_scheduled_jo..., kwargs={'job_type': 'erpnext.manufacturing.doctype.bom_update_log.bom_update_log.r..., method='frappe.core.doctype.scheduled_job_type.scheduled_job_type.run_scheduled_jo..., site='erp.local', user='Administrator') (erp.local::scheduled_job::erpnext.manufacturing.doctype.bom_update_log.bom_update_log.resume_bom_cost_update_jobs)
2025-10-08 05:42:01,378 Users-thaidoantuan-workspace-frappe-dev-bench:default: Job OK (erp.local::scheduled_job::erpnext.manufacturing.doctype.bom_update_log.bom_update_log.resume_bom_cost_update_jobs)
2025-10-08 05:42:01,379 Result is kept for 600 seconds
2025-10-08 05:42:01,384 Users-thaidoantuan-workspace-frappe-dev-bench:default: frappe.utils.background_jobs.execute_job(event=None, is_async=True, job_name='frappe.core.doctype.scheduled_job_type.scheduled_job_type.run_scheduled_jo..., kwargs={'job_type': 'frappe.email.doctype.email_account.email_account.pull'}, method='frappe.core.doctype.scheduled_job_type.scheduled_job_type.run_scheduled_jo..., site='erp.local', user='Administrator') (erp.local::scheduled_job::frappe.email.doctype.email_account.email_account.pull)
2025-10-08 05:42:01,512 Users-thaidoantuan-workspace-frappe-dev-bench:default: Job OK (erp.local::scheduled_job::frappe.email.doctype.email_account.email_account.pull)
2025-10-08 05:42:01,512 Result is kept for 600 seconds
2025-10-08 05:42:01,517 Users-thaidoantuan-workspace-frappe-dev-bench:default: frappe.utils.background_jobs.execute_job(event=None, is_async=True, job_name='frappe.core.doctype.scheduled_job_type.scheduled_job_type.run_scheduled_jo..., kwargs={'job_type': 'frappe.email.doctype.email_account.email_account.notify_unrep..., method='frappe.core.doctype.scheduled_job_type.scheduled_job_type.run_scheduled_jo..., site='erp.local', user='Administrator') (erp.local::scheduled_job::frappe.email.doctype.email_account.email_account.notify_unreplied)
2025-10-08 05:42:01,669 Users-thaidoantuan-workspace-frappe-dev-bench:default: Job OK (erp.local::scheduled_job::frappe.email.doctype.email_account.email_account.notify_unreplied)
2025-10-08 05:42:01,669 Result is kept for 600 seconds
2025-10-08 05:42:01,675 Users-thaidoantuan-workspace-frappe-dev-bench:default: frappe.utils.background_jobs.execute_job(event=None, is_async=True, job_name='frappe.core.doctype.scheduled_job_type.scheduled_job_type.run_scheduled_jo..., kwargs={'job_type': 'erpnext.projects.doctype.project.project.hourly_reminder'}, method='frappe.core.doctype.scheduled_job_type.scheduled_job_type.run_scheduled_jo..., site='erp.local', user='Administrator') (erp.local::scheduled_job::erpnext.projects.doctype.project.project.hourly_reminder)
2025-10-08 05:42:01,803 Users-thaidoantuan-workspace-frappe-dev-bench:default: Job OK (erp.local::scheduled_job::erpnext.projects.doctype.project.project.hourly_reminder)
2025-10-08 05:42:01,804 Result is kept for 600 seconds
2025-10-08 05:42:01,808 Users-thaidoantuan-workspace-frappe-dev-bench:default: frappe.utils.background_jobs.execute_job(event=None, is_async=True, job_name='frappe.core.doctype.scheduled_job_type.scheduled_job_type.run_scheduled_jo..., kwargs={'job_type': 'frappe.email.queue.retry_sending_emails'}, method='frappe.core.doctype.scheduled_job_type.scheduled_job_type.run_scheduled_jo..., site='erp.local', user='Administrator') (erp.local::scheduled_job::frappe.email.queue.retry_sending_emails)
2025-10-08 05:42:01,888 Users-thaidoantuan-workspace-frappe-dev-bench:default: Job OK (erp.local::scheduled_job::frappe.email.queue.retry_sending_emails)
2025-10-08 05:42:01,888 Result is kept for 600 seconds
2025-10-08 05:42:01,894 Users-thaidoantuan-workspace-frappe-dev-bench:default: frappe.utils.background_jobs.execute_job(event=None, is_async=True, job_name='frappe.core.doctype.scheduled_job_type.scheduled_job_type.run_scheduled_jo..., kwargs={'job_type': 'erpnext.projects.doctype.project.project.project_status_updat..., method='frappe.core.doctype.scheduled_job_type.scheduled_job_type.run_scheduled_jo..., site='erp.local', user='Administrator') (erp.local::scheduled_job::erpnext.projects.doctype.project.project.project_status_update_reminder)
2025-10-08 05:42:02,013 Users-thaidoantuan-workspace-frappe-dev-bench:default: Job OK (erp.local::scheduled_job::erpnext.projects.doctype.project.project.project_status_update_reminder)
2025-10-08 05:42:02,014 Result is kept for 600 seconds
2025-10-08 05:42:02,020 Users-thaidoantuan-workspace-frappe-dev-bench:default: frappe.utils.background_jobs.execute_job(event=None, is_async=True, job_name='frappe.core.doctype.scheduled_job_type.scheduled_job_type.run_scheduled_jo..., kwargs={'job_type': 'frappe.utils.global_search.sync_global_search'}, method='frappe.core.doctype.scheduled_job_type.scheduled_job_type.run_scheduled_jo..., site='erp.local', user='Administrator') (erp.local::scheduled_job::frappe.utils.global_search.sync_global_search)
2025-10-08 05:42:02,162 Users-thaidoantuan-workspace-frappe-dev-bench:default: Job OK (erp.local::scheduled_job::frappe.utils.global_search.sync_global_search)
2025-10-08 05:42:02,162 Result is kept for 600 seconds
2025-10-08 05:42:02,166 Users-thaidoantuan-workspace-frappe-dev-bench:long: frappe.utils.background_jobs.execute_job(event=None, is_async=True, job_name='frappe.core.doctype.scheduled_job_type.scheduled_job_type.run_scheduled_jo..., kwargs={'job_type': 'frappe.desk.page.backups.backups.delete_downloadable_backups'..., method='frappe.core.doctype.scheduled_job_type.scheduled_job_type.run_scheduled_jo..., site='erp.local', user='Administrator') (erp.local::scheduled_job::frappe.desk.page.backups.backups.delete_downloadable_backups)
2025-10-08 05:42:02,275 Users-thaidoantuan-workspace-frappe-dev-bench:long: Job OK (erp.local::scheduled_job::frappe.desk.page.backups.backups.delete_downloadable_backups)
2025-10-08 05:42:02,275 Result is kept for 600 seconds
2025-10-08 05:42:02,281 Users-thaidoantuan-workspace-frappe-dev-bench:long: frappe.utils.background_jobs.execute_job(event=None, is_async=True, job_name='frappe.core.doctype.scheduled_job_type.scheduled_job_type.run_scheduled_jo..., kwargs={'job_type': 'frappe.twofactor.delete_all_barcodes_for_users'}, method='frappe.core.doctype.scheduled_job_type.scheduled_job_type.run_scheduled_jo..., site='erp.local', user='Administrator') (erp.local::scheduled_job::frappe.twofactor.delete_all_barcodes_for_users)
2025-10-08 05:42:02,405 Users-thaidoantuan-workspace-frappe-dev-bench:long: Job OK (erp.local::scheduled_job::frappe.twofactor.delete_all_barcodes_for_users)
2025-10-08 05:42:02,405 Result is kept for 600 seconds
2025-10-08 05:42:02,410 Users-thaidoantuan-workspace-frappe-dev-bench:long: frappe.utils.background_jobs.execute_job(event=None, is_async=True, job_name='frappe.core.doctype.scheduled_job_type.scheduled_job_type.run_scheduled_jo..., kwargs={'job_type': 'frappe.oauth.delete_oauth2_data'}, method='frappe.core.doctype.scheduled_job_type.scheduled_job_type.run_scheduled_jo..., site='erp.local', user='Administrator') (erp.local::scheduled_job::frappe.oauth.delete_oauth2_data)
2025-10-08 05:42:02,543 Users-thaidoantuan-workspace-frappe-dev-bench:long: Job OK (erp.local::scheduled_job::frappe.oauth.delete_oauth2_data)
2025-10-08 05:42:02,544 Result is kept for 600 seconds
2025-10-08 05:42:02,548 Users-thaidoantuan-workspace-frappe-dev-bench:long: frappe.utils.background_jobs.execute_job(event=None, is_async=True, job_name='frappe.core.doctype.scheduled_job_type.scheduled_job_type.run_scheduled_jo..., kwargs={'job_type': 'frappe.core.doctype.prepared_report.prepared_report.expire_st..., method='frappe.core.doctype.scheduled_job_type.scheduled_job_type.run_scheduled_jo..., site='erp.local', user='Administrator') (erp.local::scheduled_job::frappe.core.doctype.prepared_report.prepared_report.expire_stalled_report)
2025-10-08 05:42:02,664 Users-thaidoantuan-workspace-frappe-dev-bench:long: Job OK (erp.local::scheduled_job::frappe.core.doctype.prepared_report.prepared_report.expire_stalled_report)
2025-10-08 05:42:02,665 Result is kept for 600 seconds
2025-10-08 05:42:02,669 Users-thaidoantuan-workspace-frappe-dev-bench:long: frappe.utils.background_jobs.execute_job(event=None, is_async=True, job_name='frappe.core.doctype.scheduled_job_type.scheduled_job_type.run_scheduled_jo..., kwargs={'job_type': 'erpnext.stock.doctype.repost_item_valuation.repost_item_valua..., method='frappe.core.doctype.scheduled_job_type.scheduled_job_type.run_scheduled_jo..., site='erp.local', user='Administrator') (erp.local::scheduled_job::erpnext.stock.doctype.repost_item_valuation.repost_item_valuation.repost_entries)
2025-10-08 05:42:02,802 Users-thaidoantuan-workspace-frappe-dev-bench:long: Job OK (erp.local::scheduled_job::erpnext.stock.doctype.repost_item_valuation.repost_item_valuation.repost_entries)
2025-10-08 05:42:02,803 Result is kept for 600 seconds
2025-10-08 05:42:02,807 Users-thaidoantuan-workspace-frappe-dev-bench:long: frappe.utils.background_jobs.execute_job(event=None, is_async=True, job_name='frappe.core.doctype.scheduled_job_type.scheduled_job_type.run_scheduled_jo..., kwargs={'job_type': 'frappe.desk.form.document_follow.send_hourly_updates'}, method='frappe.core.doctype.scheduled_job_type.scheduled_job_type.run_scheduled_jo..., site='erp.local', user='Administrator') (erp.local::scheduled_job::frappe.desk.form.document_follow.send_hourly_updates)
2025-10-08 05:42:02,916 Users-thaidoantuan-workspace-frappe-dev-bench:long: Job OK (erp.local::scheduled_job::frappe.desk.form.document_follow.send_hourly_updates)
2025-10-08 05:42:02,916 Result is kept for 600 seconds
2025-10-08 05:42:02,922 Users-thaidoantuan-workspace-frappe-dev-bench:long: frappe.utils.background_jobs.execute_job(event=None, is_async=True, job_name='frappe.core.doctype.scheduled_job_type.scheduled_job_type.run_scheduled_jo..., kwargs={'job_type': 'frappe.desk.utils.delete_old_exported_report_files'}, method='frappe.core.doctype.scheduled_job_type.scheduled_job_type.run_scheduled_jo..., site='erp.local', user='Administrator') (erp.local::scheduled_job::frappe.desk.utils.delete_old_exported_report_files)
2025-10-08 05:42:03,035 Users-thaidoantuan-workspace-frappe-dev-bench:long: Job OK (erp.local::scheduled_job::frappe.desk.utils.delete_old_exported_report_files)
2025-10-08 05:42:03,035 Result is kept for 600 seconds
2025-10-08 05:42:03,040 Users-thaidoantuan-workspace-frappe-dev-bench:long: frappe.utils.background_jobs.execute_job(event=None, is_async=True, job_name='frappe.core.doctype.scheduled_job_type.scheduled_job_type.run_scheduled_jo..., kwargs={'job_type': 'erpnext.utilities.bulk_transaction.retry'}, method='frappe.core.doctype.scheduled_job_type.scheduled_job_type.run_scheduled_jo..., site='erp.local', user='Administrator') (erp.local::scheduled_job::erpnext.utilities.bulk_transaction.retry)
2025-10-08 05:42:03,150 Users-thaidoantuan-workspace-frappe-dev-bench:long: Job OK (erp.local::scheduled_job::erpnext.utilities.bulk_transaction.retry)
2025-10-08 05:42:03,150 Result is kept for 600 seconds
2025-10-08 05:42:03,154 Users-thaidoantuan-workspace-frappe-dev-bench:long: frappe.utils.background_jobs.execute_job(event=None, is_async=True, job_name='frappe.core.doctype.scheduled_job_type.scheduled_job_type.run_scheduled_jo..., kwargs={'job_type': 'frappe.model.utils.user_settings.sync_user_settings'}, method='frappe.core.doctype.scheduled_job_type.scheduled_job_type.run_scheduled_jo..., site='erp.local', user='Administrator') (erp.local::scheduled_job::frappe.model.utils.user_settings.sync_user_settings)
2025-10-08 05:42:03,265 Users-thaidoantuan-workspace-frappe-dev-bench:long: Job OK (erp.local::scheduled_job::frappe.model.utils.user_settings.sync_user_settings)
2025-10-08 05:42:03,265 Result is kept for 600 seconds
2025-10-08 05:42:03,270 Users-thaidoantuan-workspace-frappe-dev-bench:long: frappe.utils.background_jobs.execute_job(event=None, is_async=True, job_name='frappe.core.doctype.scheduled_job_type.scheduled_job_type.run_scheduled_jo..., kwargs={'job_type': 'frappe.website.doctype.personal_data_deletion_request.persona..., method='frappe.core.doctype.scheduled_job_type.scheduled_job_type.run_scheduled_jo..., site='erp.local', user='Administrator') (erp.local::scheduled_job::frappe.website.doctype.personal_data_deletion_request.personal_data_deletion_request.process_data_deletion_request)
2025-10-08 05:42:03,378 Users-thaidoantuan-workspace-frappe-dev-bench:long: Job OK (erp.local::scheduled_job::frappe.website.doctype.personal_data_deletion_request.personal_data_deletion_request.process_data_deletion_request)
2025-10-08 05:42:03,378 Result is kept for 600 seconds
2025-10-08 05:42:03,382 Users-thaidoantuan-workspace-frappe-dev-bench:long: frappe.utils.background_jobs.execute_job(event=None, is_async=True, job_name='frappe.core.doctype.scheduled_job_type.scheduled_job_type.run_scheduled_jo..., kwargs={'job_type': 'frappe.website.doctype.web_page.web_page.check_publish_status..., method='frappe.core.doctype.scheduled_job_type.scheduled_job_type.run_scheduled_jo..., site='erp.local', user='Administrator') (erp.local::scheduled_job::frappe.website.doctype.web_page.web_page.check_publish_status)
2025-10-08 05:42:03,519 Users-thaidoantuan-workspace-frappe-dev-bench:long: Job OK (erp.local::scheduled_job::frappe.website.doctype.web_page.web_page.check_publish_status)
2025-10-08 05:42:03,519 Result is kept for 600 seconds
2025-10-08 06:47:29,401 Cleaning registries for queue: Users-thaidoantuan-workspace-frappe-dev-bench:short
2025-10-08 06:47:29,408 Cleaning registries for queue: Users-thaidoantuan-workspace-frappe-dev-bench:default
2025-10-08 06:47:29,412 Cleaning registries for queue: Users-thaidoantuan-workspace-frappe-dev-bench:long
2025-10-08 08:02:32,740 Cleaning registries for queue: Users-thaidoantuan-workspace-frappe-dev-bench:short
2025-10-08 08:02:32,743 Cleaning registries for queue: Users-thaidoantuan-workspace-frappe-dev-bench:default
2025-10-08 08:02:32,745 Cleaning registries for queue: Users-thaidoantuan-workspace-frappe-dev-bench:long
2025-10-08 08:20:26,196 Users-thaidoantuan-workspace-frappe-dev-bench:default: frappe.utils.background_jobs.execute_job(event=None, is_async=True, job_name='frappe.core.doctype.scheduled_job_type.scheduled_job_type.run_scheduled_jo..., kwargs={'job_type': 'erpnext.projects.doctype.project.project.hourly_reminder'}, method='frappe.core.doctype.scheduled_job_type.scheduled_job_type.run_scheduled_jo..., site='erp.local', user='Administrator') (erp.local::scheduled_job::erpnext.projects.doctype.project.project.hourly_reminder)
2025-10-08 08:20:26,484 Users-thaidoantuan-workspace-frappe-dev-bench:default: Job OK (erp.local::scheduled_job::erpnext.projects.doctype.project.project.hourly_reminder)
2025-10-08 08:20:26,484 Result is kept for 600 seconds
2025-10-08 08:20:26,489 Users-thaidoantuan-workspace-frappe-dev-bench:default: frappe.utils.background_jobs.execute_job(event=None, is_async=True, job_name='frappe.core.doctype.scheduled_job_type.scheduled_job_type.run_scheduled_jo..., kwargs={'job_type': 'frappe.search.sqlite_search.build_index_if_not_exists'}, method='frappe.core.doctype.scheduled_job_type.scheduled_job_type.run_scheduled_jo..., site='erp.local', user='Administrator') (erp.local::scheduled_job::frappe.search.sqlite_search.build_index_if_not_exists)
2025-10-08 08:20:26,601 Users-thaidoantuan-workspace-frappe-dev-bench:default: Job OK (erp.local::scheduled_job::frappe.search.sqlite_search.build_index_if_not_exists)
2025-10-08 08:20:26,601 Result is kept for 600 seconds
2025-10-08 08:20:26,605 Users-thaidoantuan-workspace-frappe-dev-bench:default: frappe.utils.background_jobs.execute_job(event=None, is_async=True, job_name='frappe.core.doctype.scheduled_job_type.scheduled_job_type.run_scheduled_jo..., kwargs={'job_type': 'frappe.email.doctype.email_account.email_account.pull'}, method='frappe.core.doctype.scheduled_job_type.scheduled_job_type.run_scheduled_jo..., site='erp.local', user='Administrator') (erp.local::scheduled_job::frappe.email.doctype.email_account.email_account.pull)
2025-10-08 08:20:26,732 Users-thaidoantuan-workspace-frappe-dev-bench:default: Job OK (erp.local::scheduled_job::frappe.email.doctype.email_account.email_account.pull)
2025-10-08 08:20:26,732 Result is kept for 600 seconds
2025-10-08 08:20:26,737 Users-thaidoantuan-workspace-frappe-dev-bench:default: frappe.utils.background_jobs.execute_job(event=None, is_async=True, job_name='frappe.core.doctype.scheduled_job_type.scheduled_job_type.run_scheduled_jo..., kwargs={'job_type': 'erpnext.erpnext_integrations.doctype.plaid_settings.plaid_set..., method='frappe.core.doctype.scheduled_job_type.scheduled_job_type.run_scheduled_jo..., site='erp.local', user='Administrator') (erp.local::scheduled_job::erpnext.erpnext_integrations.doctype.plaid_settings.plaid_settings.automatic_synchronization)
2025-10-08 08:20:26,853 Users-thaidoantuan-workspace-frappe-dev-bench:default: Job OK (erp.local::scheduled_job::erpnext.erpnext_integrations.doctype.plaid_settings.plaid_settings.automatic_synchronization)
2025-10-08 08:20:26,854 Result is kept for 600 seconds
2025-10-08 08:20:26,859 Users-thaidoantuan-workspace-frappe-dev-bench:default: frappe.utils.background_jobs.execute_job(event=None, is_async=True, job_name='frappe.core.doctype.scheduled_job_type.scheduled_job_type.run_scheduled_jo..., kwargs={'job_type': 'frappe.email.doctype.email_account.email_account.notify_unrep..., method='frappe.core.doctype.scheduled_job_type.scheduled_job_type.run_scheduled_jo..., site='erp.local', user='Administrator') (erp.local::scheduled_job::frappe.email.doctype.email_account.email_account.notify_unreplied)
2025-10-08 08:20:26,978 Users-thaidoantuan-workspace-frappe-dev-bench:default: Job OK (erp.local::scheduled_job::frappe.email.doctype.email_account.email_account.notify_unreplied)
2025-10-08 08:20:26,978 Result is kept for 600 seconds
2025-10-08 08:20:26,983 Users-thaidoantuan-workspace-frappe-dev-bench:default: frappe.utils.background_jobs.execute_job(event=None, is_async=True, job_name='frappe.core.doctype.scheduled_job_type.scheduled_job_type.run_scheduled_jo..., kwargs={'job_type': 'frappe.monitor.flush'}, method='frappe.core.doctype.scheduled_job_type.scheduled_job_type.run_scheduled_jo..., site='erp.local', user='Administrator') (erp.local::scheduled_job::frappe.monitor.flush)
2025-10-08 08:20:27,062 Users-thaidoantuan-workspace-frappe-dev-bench:default: Job OK (erp.local::scheduled_job::frappe.monitor.flush)
2025-10-08 08:20:27,063 Result is kept for 600 seconds
2025-10-08 08:20:27,067 Users-thaidoantuan-workspace-frappe-dev-bench:default: frappe.utils.background_jobs.execute_job(event=None, is_async=True, job_name='frappe.core.doctype.scheduled_job_type.scheduled_job_type.run_scheduled_jo..., kwargs={'job_type': 'erpnext.projects.doctype.project.project.collect_project_stat..., method='frappe.core.doctype.scheduled_job_type.scheduled_job_type.run_scheduled_jo..., site='erp.local', user='Administrator') (erp.local::scheduled_job::erpnext.projects.doctype.project.project.collect_project_status)
2025-10-08 08:20:27,186 Users-thaidoantuan-workspace-frappe-dev-bench:default: Job OK (erp.local::scheduled_job::erpnext.projects.doctype.project.project.collect_project_status)
2025-10-08 08:20:27,187 Result is kept for 600 seconds
2025-10-08 08:20:27,190 Users-thaidoantuan-workspace-frappe-dev-bench:default: frappe.utils.background_jobs.execute_job(event=None, is_async=True, job_name='frappe.core.doctype.scheduled_job_type.scheduled_job_type.run_scheduled_jo..., kwargs={'job_type': 'frappe.deferred_insert.save_to_db'}, method='frappe.core.doctype.scheduled_job_type.scheduled_job_type.run_scheduled_jo..., site='erp.local', user='Administrator') (erp.local::scheduled_job::frappe.deferred_insert.save_to_db)
2025-10-08 08:20:27,297 Users-thaidoantuan-workspace-frappe-dev-bench:default: Job OK (erp.local::scheduled_job::frappe.deferred_insert.save_to_db)
2025-10-08 08:20:27,297 Result is kept for 600 seconds
2025-10-08 08:20:27,301 Users-thaidoantuan-workspace-frappe-dev-bench:default: frappe.utils.background_jobs.execute_job(event=None, is_async=True, job_name='frappe.core.doctype.scheduled_job_type.scheduled_job_type.run_scheduled_jo..., kwargs={'job_type': 'frappe.integrations.doctype.google_calendar.google_calendar.s..., method='frappe.core.doctype.scheduled_job_type.scheduled_job_type.run_scheduled_jo..., site='erp.local', user='Administrator') (erp.local::scheduled_job::frappe.integrations.doctype.google_calendar.google_calendar.sync)
2025-10-08 08:20:27,443 Users-thaidoantuan-workspace-frappe-dev-bench:default: Job OK (erp.local::scheduled_job::frappe.integrations.doctype.google_calendar.google_calendar.sync)
2025-10-08 08:20:27,443 Result is kept for 600 seconds
2025-10-08 08:20:27,447 Users-thaidoantuan-workspace-frappe-dev-bench:default: frappe.utils.background_jobs.execute_job(event=None, is_async=True, job_name='frappe.core.doctype.scheduled_job_type.scheduled_job_type.run_scheduled_jo..., kwargs={'job_type': 'erpnext.projects.doctype.project.project.project_status_updat..., method='frappe.core.doctype.scheduled_job_type.scheduled_job_type.run_scheduled_jo..., site='erp.local', user='Administrator') (erp.local::scheduled_job::erpnext.projects.doctype.project.project.project_status_update_reminder)
2025-10-08 08:31:59,015 Users-thaidoantuan-workspace-frappe-dev-bench:default: Job OK (erp.local::scheduled_job::erpnext.projects.doctype.project.project.project_status_update_reminder)
2025-10-08 08:31:59,015 Result is kept for 600 seconds
2025-10-08 08:31:59,019 Users-thaidoantuan-workspace-frappe-dev-bench:default: frappe.utils.background_jobs.execute_job(event=None, is_async=True, job_name='frappe.core.doctype.scheduled_job_type.scheduled_job_type.run_scheduled_jo..., kwargs={'job_type': 'frappe.pulse.client.send_queued_events'}, method='frappe.core.doctype.scheduled_job_type.scheduled_job_type.run_scheduled_jo..., site='erp.local', user='Administrator') (erp.local::scheduled_job::frappe.pulse.client.send_queued_events)
2025-10-08 08:31:59,139 Users-thaidoantuan-workspace-frappe-dev-bench:default: Job OK (erp.local::scheduled_job::frappe.pulse.client.send_queued_events)
2025-10-08 08:31:59,139 Result is kept for 600 seconds
2025-10-08 08:31:59,144 Users-thaidoantuan-workspace-frappe-dev-bench:default: frappe.utils.background_jobs.execute_job(event=None, is_async=True, job_name='frappe.core.doctype.scheduled_job_type.scheduled_job_type.run_scheduled_jo..., kwargs={'job_type': 'erpnext.manufacturing.doctype.bom_update_log.bom_update_log.r..., method='frappe.core.doctype.scheduled_job_type.scheduled_job_type.run_scheduled_jo..., site='erp.local', user='Administrator') (erp.local::scheduled_job::erpnext.manufacturing.doctype.bom_update_log.bom_update_log.resume_bom_cost_update_jobs)
2025-10-08 08:31:59,284 Users-thaidoantuan-workspace-frappe-dev-bench:default: Job OK (erp.local::scheduled_job::erpnext.manufacturing.doctype.bom_update_log.bom_update_log.resume_bom_cost_update_jobs)
2025-10-08 08:31:59,295 Result is kept for 600 seconds
2025-10-08 08:31:59,305 Users-thaidoantuan-workspace-frappe-dev-bench:default: frappe.utils.background_jobs.execute_job(event=None, is_async=True, job_name='frappe.core.doctype.scheduled_job_type.scheduled_job_type.run_scheduled_jo..., kwargs={'job_type': 'frappe.email.queue.flush'}, method='frappe.core.doctype.scheduled_job_type.scheduled_job_type.run_scheduled_jo..., site='erp.local', user='Administrator') (erp.local::scheduled_job::frappe.email.queue.flush)
2025-10-08 08:31:59,938 Users-thaidoantuan-workspace-frappe-dev-bench:default: Job OK (erp.local::scheduled_job::frappe.email.queue.flush)
2025-10-08 08:31:59,939 Result is kept for 600 seconds
2025-10-08 08:31:59,946 Users-thaidoantuan-workspace-frappe-dev-bench:default: frappe.utils.background_jobs.execute_job(event=None, is_async=True, job_name='frappe.core.doctype.scheduled_job_type.scheduled_job_type.run_scheduled_jo..., kwargs={'job_type': 'frappe.model.utils.link_count.update_link_count'}, method='frappe.core.doctype.scheduled_job_type.scheduled_job_type.run_scheduled_jo..., site='erp.local', user='Administrator') (erp.local::scheduled_job::frappe.model.utils.link_count.update_link_count)
2025-10-08 08:32:00,319 Users-thaidoantuan-workspace-frappe-dev-bench:default: Job OK (erp.local::scheduled_job::frappe.model.utils.link_count.update_link_count)
2025-10-08 08:32:00,319 Result is kept for 600 seconds
2025-10-08 08:32:00,324 Users-thaidoantuan-workspace-frappe-dev-bench:default: frappe.utils.background_jobs.execute_job(event=None, is_async=True, job_name='frappe.core.doctype.scheduled_job_type.scheduled_job_type.run_scheduled_jo..., kwargs={'job_type': 'frappe.utils.global_search.sync_global_search'}, method='frappe.core.doctype.scheduled_job_type.scheduled_job_type.run_scheduled_jo..., site='erp.local', user='Administrator') (erp.local::scheduled_job::frappe.utils.global_search.sync_global_search)
2025-10-08 08:32:00,453 Users-thaidoantuan-workspace-frappe-dev-bench:default: Job OK (erp.local::scheduled_job::frappe.utils.global_search.sync_global_search)
2025-10-08 08:32:00,453 Result is kept for 600 seconds
2025-10-08 08:32:00,459 Users-thaidoantuan-workspace-frappe-dev-bench:default: frappe.utils.background_jobs.execute_job(event=None, is_async=True, job_name='frappe.core.doctype.scheduled_job_type.scheduled_job_type.run_scheduled_jo..., kwargs={'job_type': 'frappe.automation.doctype.reminder.reminder.send_reminders'}, method='frappe.core.doctype.scheduled_job_type.scheduled_job_type.run_scheduled_jo..., site='erp.local', user='Administrator') (erp.local::scheduled_job::frappe.automation.doctype.reminder.reminder.send_reminders)
2025-10-08 08:32:00,620 Users-thaidoantuan-workspace-frappe-dev-bench:default: Job OK (erp.local::scheduled_job::frappe.automation.doctype.reminder.reminder.send_reminders)
2025-10-08 08:32:00,620 Result is kept for 600 seconds
2025-10-08 08:32:00,627 Users-thaidoantuan-workspace-frappe-dev-bench:default: frappe.utils.background_jobs.execute_job(event=None, is_async=True, job_name='frappe.core.doctype.scheduled_job_type.scheduled_job_type.run_scheduled_jo..., kwargs={'job_type': 'frappe.email.queue.retry_sending_emails'}, method='frappe.core.doctype.scheduled_job_type.scheduled_job_type.run_scheduled_jo..., site='erp.local', user='Administrator') (erp.local::scheduled_job::frappe.email.queue.retry_sending_emails)
2025-10-08 08:32:00,827 Users-thaidoantuan-workspace-frappe-dev-bench:default: Job OK (erp.local::scheduled_job::frappe.email.queue.retry_sending_emails)
2025-10-08 08:32:00,827 Result is kept for 600 seconds
2025-10-08 08:32:00,836 Users-thaidoantuan-workspace-frappe-dev-bench:default: frappe.utils.background_jobs.execute_job(event=None, is_async=True, job_name='frappe.core.doctype.scheduled_job_type.scheduled_job_type.run_scheduled_jo..., kwargs={'job_type': 'erpnext.utilities.doctype.video.video.update_youtube_data'}, method='frappe.core.doctype.scheduled_job_type.scheduled_job_type.run_scheduled_jo..., site='erp.local', user='Administrator') (erp.local::scheduled_job::erpnext.utilities.doctype.video.video.update_youtube_data)
2025-10-08 08:32:01,064 Users-thaidoantuan-workspace-frappe-dev-bench:default: Job OK (erp.local::scheduled_job::erpnext.utilities.doctype.video.video.update_youtube_data)
2025-10-08 08:32:01,064 Result is kept for 600 seconds
2025-10-08 08:32:01,070 Users-thaidoantuan-workspace-frappe-dev-bench:default: frappe.utils.background_jobs.execute_job(event=None, is_async=True, job_name='frappe.core.doctype.scheduled_job_type.scheduled_job_type.run_scheduled_jo..., kwargs={'job_type': 'frappe.email.doctype.newsletter.newsletter.send_scheduled_ema..., method='frappe.core.doctype.scheduled_job_type.scheduled_job_type.run_scheduled_jo..., site='erp.local', user='Administrator') (erp.local::scheduled_job::frappe.email.doctype.newsletter.newsletter.send_scheduled_email)
2025-10-08 08:32:01,241 Users-thaidoantuan-workspace-frappe-dev-bench:default: Job OK (erp.local::scheduled_job::frappe.email.doctype.newsletter.newsletter.send_scheduled_email)
2025-10-08 08:32:01,241 Result is kept for 600 seconds
2025-10-08 08:32:01,247 Users-thaidoantuan-workspace-frappe-dev-bench:default: frappe.utils.background_jobs.execute_job(event=None, is_async=True, job_name='frappe.core.doctype.scheduled_job_type.scheduled_job_type.run_scheduled_jo..., kwargs={'job_type': 'erpnext.accounts.doctype.gl_entry.gl_entry.rename_gle_sle_doc..., method='frappe.core.doctype.scheduled_job_type.scheduled_job_type.run_scheduled_jo..., site='erp.local', user='Administrator') (erp.local::scheduled_job::erpnext.accounts.doctype.gl_entry.gl_entry.rename_gle_sle_docs)
2025-10-08 08:32:01,543 Users-thaidoantuan-workspace-frappe-dev-bench:default: Job OK (erp.local::scheduled_job::erpnext.accounts.doctype.gl_entry.gl_entry.rename_gle_sle_docs)
2025-10-08 08:32:01,544 Result is kept for 600 seconds
2025-10-08 08:32:01,551 Users-thaidoantuan-workspace-frappe-dev-bench:long: frappe.utils.background_jobs.execute_job(event=None, is_async=True, job_name='frappe.core.doctype.scheduled_job_type.scheduled_job_type.run_scheduled_jo..., kwargs={'job_type': 'frappe.model.utils.user_settings.sync_user_settings'}, method='frappe.core.doctype.scheduled_job_type.scheduled_job_type.run_scheduled_jo..., site='erp.local', user='Administrator') (erp.local::scheduled_job::frappe.model.utils.user_settings.sync_user_settings)
2025-10-08 08:32:01,667 Users-thaidoantuan-workspace-frappe-dev-bench:long: Job OK (erp.local::scheduled_job::frappe.model.utils.user_settings.sync_user_settings)
2025-10-08 08:32:01,667 Result is kept for 600 seconds
2025-10-08 08:32:01,673 Users-thaidoantuan-workspace-frappe-dev-bench:long: frappe.utils.background_jobs.execute_job(event=None, is_async=True, job_name='frappe.core.doctype.scheduled_job_type.scheduled_job_type.run_scheduled_jo..., kwargs={'job_type': 'frappe.twofactor.delete_all_barcodes_for_users'}, method='frappe.core.doctype.scheduled_job_type.scheduled_job_type.run_scheduled_jo..., site='erp.local', user='Administrator') (erp.local::scheduled_job::frappe.twofactor.delete_all_barcodes_for_users)
2025-10-08 08:32:01,824 Users-thaidoantuan-workspace-frappe-dev-bench:long: Job OK (erp.local::scheduled_job::frappe.twofactor.delete_all_barcodes_for_users)
2025-10-08 08:32:01,825 Result is kept for 600 seconds
2025-10-08 08:32:01,831 Users-thaidoantuan-workspace-frappe-dev-bench:long: frappe.utils.background_jobs.execute_job(event=None, is_async=True, job_name='frappe.core.doctype.scheduled_job_type.scheduled_job_type.run_scheduled_jo..., kwargs={'job_type': 'frappe.desk.utils.delete_old_exported_report_files'}, method='frappe.core.doctype.scheduled_job_type.scheduled_job_type.run_scheduled_jo..., site='erp.local', user='Administrator') (erp.local::scheduled_job::frappe.desk.utils.delete_old_exported_report_files)
2025-10-08 08:32:01,997 Users-thaidoantuan-workspace-frappe-dev-bench:long: Job OK (erp.local::scheduled_job::frappe.desk.utils.delete_old_exported_report_files)
2025-10-08 08:32:01,997 Result is kept for 600 seconds
2025-10-08 08:32:02,002 Users-thaidoantuan-workspace-frappe-dev-bench:long: frappe.utils.background_jobs.execute_job(event=None, is_async=True, job_name='frappe.core.doctype.scheduled_job_type.scheduled_job_type.run_scheduled_jo..., kwargs={'job_type': 'erpnext.stock.doctype.repost_item_valuation.repost_item_valua..., method='frappe.core.doctype.scheduled_job_type.scheduled_job_type.run_scheduled_jo..., site='erp.local', user='Administrator') (erp.local::scheduled_job::erpnext.stock.doctype.repost_item_valuation.repost_item_valuation.repost_entries)
2025-10-08 08:32:02,151 Users-thaidoantuan-workspace-frappe-dev-bench:long: Job OK (erp.local::scheduled_job::erpnext.stock.doctype.repost_item_valuation.repost_item_valuation.repost_entries)
2025-10-08 08:32:02,151 Result is kept for 600 seconds
2025-10-08 08:32:02,159 Users-thaidoantuan-workspace-frappe-dev-bench:long: frappe.utils.background_jobs.execute_job(event=None, is_async=True, job_name='frappe.core.doctype.scheduled_job_type.scheduled_job_type.run_scheduled_jo..., kwargs={'job_type': 'frappe.website.doctype.personal_data_deletion_request.persona..., method='frappe.core.doctype.scheduled_job_type.scheduled_job_type.run_scheduled_jo..., site='erp.local', user='Administrator') (erp.local::scheduled_job::frappe.website.doctype.personal_data_deletion_request.personal_data_deletion_request.process_data_deletion_request)
2025-10-08 08:32:02,328 Users-thaidoantuan-workspace-frappe-dev-bench:long: Job OK (erp.local::scheduled_job::frappe.website.doctype.personal_data_deletion_request.personal_data_deletion_request.process_data_deletion_request)
2025-10-08 08:32:02,328 Result is kept for 600 seconds
2025-10-08 08:32:02,334 Users-thaidoantuan-workspace-frappe-dev-bench:long: frappe.utils.background_jobs.execute_job(event=None, is_async=True, job_name='frappe.core.doctype.scheduled_job_type.scheduled_job_type.run_scheduled_jo..., kwargs={'job_type': 'frappe.desk.form.document_follow.send_hourly_updates'}, method='frappe.core.doctype.scheduled_job_type.scheduled_job_type.run_scheduled_jo..., site='erp.local', user='Administrator') (erp.local::scheduled_job::frappe.desk.form.document_follow.send_hourly_updates)
2025-10-08 08:32:02,475 Users-thaidoantuan-workspace-frappe-dev-bench:long: Job OK (erp.local::scheduled_job::frappe.desk.form.document_follow.send_hourly_updates)
2025-10-08 08:32:02,476 Result is kept for 600 seconds
2025-10-08 08:32:02,480 Users-thaidoantuan-workspace-frappe-dev-bench:long: frappe.utils.background_jobs.execute_job(event=None, is_async=True, job_name='frappe.core.doctype.scheduled_job_type.scheduled_job_type.run_scheduled_jo..., kwargs={'job_type': 'frappe.core.doctype.prepared_report.prepared_report.expire_st..., method='frappe.core.doctype.scheduled_job_type.scheduled_job_type.run_scheduled_jo..., site='erp.local', user='Administrator') (erp.local::scheduled_job::frappe.core.doctype.prepared_report.prepared_report.expire_stalled_report)
2025-10-08 08:32:02,677 Users-thaidoantuan-workspace-frappe-dev-bench:long: Job OK (erp.local::scheduled_job::frappe.core.doctype.prepared_report.prepared_report.expire_stalled_report)
2025-10-08 08:32:02,677 Result is kept for 600 seconds
2025-10-08 08:32:02,685 Users-thaidoantuan-workspace-frappe-dev-bench:long: frappe.utils.background_jobs.execute_job(event=None, is_async=True, job_name='frappe.core.doctype.scheduled_job_type.scheduled_job_type.run_scheduled_jo..., kwargs={'job_type': 'erpnext.utilities.bulk_transaction.retry'}, method='frappe.core.doctype.scheduled_job_type.scheduled_job_type.run_scheduled_jo..., site='erp.local', user='Administrator') (erp.local::scheduled_job::erpnext.utilities.bulk_transaction.retry)
2025-10-08 08:32:02,915 Users-thaidoantuan-workspace-frappe-dev-bench:long: Job OK (erp.local::scheduled_job::erpnext.utilities.bulk_transaction.retry)
2025-10-08 08:32:02,916 Result is kept for 600 seconds
2025-10-08 08:32:02,920 Users-thaidoantuan-workspace-frappe-dev-bench:long: frappe.utils.background_jobs.execute_job(event=None, is_async=True, job_name='frappe.core.doctype.scheduled_job_type.scheduled_job_type.run_scheduled_jo..., kwargs={'job_type': 'frappe.website.doctype.web_page.web_page.check_publish_status..., method='frappe.core.doctype.scheduled_job_type.scheduled_job_type.run_scheduled_jo..., site='erp.local', user='Administrator') (erp.local::scheduled_job::frappe.website.doctype.web_page.web_page.check_publish_status)
2025-10-08 08:32:03,111 Users-thaidoantuan-workspace-frappe-dev-bench:long: Job OK (erp.local::scheduled_job::frappe.website.doctype.web_page.web_page.check_publish_status)
2025-10-08 08:32:03,112 Result is kept for 600 seconds
2025-10-08 08:32:03,118 Users-thaidoantuan-workspace-frappe-dev-bench:long: frappe.utils.background_jobs.execute_job(event=None, is_async=True, job_name='frappe.core.doctype.scheduled_job_type.scheduled_job_type.run_scheduled_jo..., kwargs={'job_type': 'frappe.desk.page.backups.backups.delete_downloadable_backups'..., method='frappe.core.doctype.scheduled_job_type.scheduled_job_type.run_scheduled_jo..., site='erp.local', user='Administrator') (erp.local::scheduled_job::frappe.desk.page.backups.backups.delete_downloadable_backups)
2025-10-08 08:32:03,736 Users-thaidoantuan-workspace-frappe-dev-bench:long: Job OK (erp.local::scheduled_job::frappe.desk.page.backups.backups.delete_downloadable_backups)
2025-10-08 08:32:03,736 Result is kept for 600 seconds
2025-10-08 08:32:03,743 Users-thaidoantuan-workspace-frappe-dev-bench:long: frappe.utils.background_jobs.execute_job(event=None, is_async=True, job_name='frappe.core.doctype.scheduled_job_type.scheduled_job_type.run_scheduled_jo..., kwargs={'job_type': 'frappe.oauth.delete_oauth2_data'}, method='frappe.core.doctype.scheduled_job_type.scheduled_job_type.run_scheduled_jo..., site='erp.local', user='Administrator') (erp.local::scheduled_job::frappe.oauth.delete_oauth2_data)
2025-10-08 08:32:04,062 Users-thaidoantuan-workspace-frappe-dev-bench:long: Job OK (erp.local::scheduled_job::frappe.oauth.delete_oauth2_data)
2025-10-08 08:32:04,063 Result is kept for 600 seconds
2025-10-08 08:32:57,594 Users-thaidoantuan-workspace-frappe-dev-bench:default: frappe.utils.background_jobs.execute_job(event=None, is_async=True, job_name='frappe.core.doctype.scheduled_job_type.scheduled_job_type.run_scheduled_jo..., kwargs={'job_type': 'frappe.email.queue.flush'}, method='frappe.core.doctype.scheduled_job_type.scheduled_job_type.run_scheduled_jo..., site='erp.local', user='Administrator') (erp.local::scheduled_job::frappe.email.queue.flush)
2025-10-08 08:32:57,816 Users-thaidoantuan-workspace-frappe-dev-bench:default: Job OK (erp.local::scheduled_job::frappe.email.queue.flush)
2025-10-08 08:32:57,817 Result is kept for 600 seconds
2025-10-08 08:32:57,822 Users-thaidoantuan-workspace-frappe-dev-bench:default: frappe.utils.background_jobs.execute_job(event=None, is_async=True, job_name='frappe.core.doctype.scheduled_job_type.scheduled_job_type.run_scheduled_jo..., kwargs={'job_type': 'frappe.email.doctype.email_account.email_account.pull'}, method='frappe.core.doctype.scheduled_job_type.scheduled_job_type.run_scheduled_jo..., site='erp.local', user='Administrator') (erp.local::scheduled_job::frappe.email.doctype.email_account.email_account.pull)
2025-10-08 08:32:57,999 Users-thaidoantuan-workspace-frappe-dev-bench:default: Job OK (erp.local::scheduled_job::frappe.email.doctype.email_account.email_account.pull)
2025-10-08 08:32:58,000 Result is kept for 600 seconds
2025-10-08 08:32:58,006 Users-thaidoantuan-workspace-frappe-dev-bench:default: frappe.utils.background_jobs.execute_job(event=None, is_async=True, job_name='frappe.core.doctype.scheduled_job_type.scheduled_job_type.run_scheduled_jo..., kwargs={'job_type': 'frappe.email.doctype.email_account.email_account.notify_unrep..., method='frappe.core.doctype.scheduled_job_type.scheduled_job_type.run_scheduled_jo..., site='erp.local', user='Administrator') (erp.local::scheduled_job::frappe.email.doctype.email_account.email_account.notify_unreplied)
2025-10-08 08:32:58,132 Users-thaidoantuan-workspace-frappe-dev-bench:default: Job OK (erp.local::scheduled_job::frappe.email.doctype.email_account.email_account.notify_unreplied)
2025-10-08 08:32:58,132 Result is kept for 600 seconds
2025-10-08 08:32:58,137 Users-thaidoantuan-workspace-frappe-dev-bench:default: frappe.utils.background_jobs.execute_job(event=None, is_async=True, job_name='frappe.core.doctype.scheduled_job_type.scheduled_job_type.run_scheduled_jo..., kwargs={'job_type': 'frappe.search.sqlite_search.build_index_if_not_exists'}, method='frappe.core.doctype.scheduled_job_type.scheduled_job_type.run_scheduled_jo..., site='erp.local', user='Administrator') (erp.local::scheduled_job::frappe.search.sqlite_search.build_index_if_not_exists)
2025-10-08 08:32:58,250 Users-thaidoantuan-workspace-frappe-dev-bench:default: Job OK (erp.local::scheduled_job::frappe.search.sqlite_search.build_index_if_not_exists)
2025-10-08 08:32:58,251 Result is kept for 600 seconds
2025-10-08 08:32:58,255 Users-thaidoantuan-workspace-frappe-dev-bench:default: frappe.utils.background_jobs.execute_job(event=None, is_async=True, job_name='frappe.core.doctype.scheduled_job_type.scheduled_job_type.run_scheduled_jo..., kwargs={'job_type': 'frappe.deferred_insert.save_to_db'}, method='frappe.core.doctype.scheduled_job_type.scheduled_job_type.run_scheduled_jo..., site='erp.local', user='Administrator') (erp.local::scheduled_job::frappe.deferred_insert.save_to_db)
2025-10-08 08:32:58,370 Users-thaidoantuan-workspace-frappe-dev-bench:default: Job OK (erp.local::scheduled_job::frappe.deferred_insert.save_to_db)
2025-10-08 08:32:58,370 Result is kept for 600 seconds
2025-10-08 08:32:58,375 Users-thaidoantuan-workspace-frappe-dev-bench:default: frappe.utils.background_jobs.execute_job(event=None, is_async=True, job_name='frappe.core.doctype.scheduled_job_type.scheduled_job_type.run_scheduled_jo..., kwargs={'job_type': 'frappe.monitor.flush'}, method='frappe.core.doctype.scheduled_job_type.scheduled_job_type.run_scheduled_jo..., site='erp.local', user='Administrator') (erp.local::scheduled_job::frappe.monitor.flush)
2025-10-08 08:32:58,459 Users-thaidoantuan-workspace-frappe-dev-bench:default: Job OK (erp.local::scheduled_job::frappe.monitor.flush)
2025-10-08 08:32:58,460 Result is kept for 600 seconds
2025-10-08 08:32:58,464 Users-thaidoantuan-workspace-frappe-dev-bench:default: frappe.utils.background_jobs.execute_job(event=None, is_async=True, job_name='frappe.core.doctype.scheduled_job_type.scheduled_job_type.run_scheduled_jo..., kwargs={'job_type': 'frappe.integrations.doctype.google_calendar.google_calendar.s..., method='frappe.core.doctype.scheduled_job_type.scheduled_job_type.run_scheduled_jo..., site='erp.local', user='Administrator') (erp.local::scheduled_job::frappe.integrations.doctype.google_calendar.google_calendar.sync)
2025-10-08 08:32:58,606 Users-thaidoantuan-workspace-frappe-dev-bench:default: Job OK (erp.local::scheduled_job::frappe.integrations.doctype.google_calendar.google_calendar.sync)
2025-10-08 08:32:58,606 Result is kept for 600 seconds
2025-10-08 08:36:58,156 Users-thaidoantuan-workspace-frappe-dev-bench:default: frappe.utils.background_jobs.execute_job(event=None, is_async=True, job_name='frappe.core.doctype.scheduled_job_type.scheduled_job_type.run_scheduled_jo..., kwargs={'job_type': 'frappe.integrations.doctype.google_calendar.google_calendar.s..., method='frappe.core.doctype.scheduled_job_type.scheduled_job_type.run_scheduled_jo..., site='erp.local', user='Administrator') (erp.local::scheduled_job::frappe.integrations.doctype.google_calendar.google_calendar.sync)
2025-10-08 08:36:58,393 Users-thaidoantuan-workspace-frappe-dev-bench:default: Job OK (erp.local::scheduled_job::frappe.integrations.doctype.google_calendar.google_calendar.sync)
2025-10-08 08:36:58,393 Result is kept for 600 seconds
2025-10-08 08:36:58,398 Users-thaidoantuan-workspace-frappe-dev-bench:default: frappe.utils.background_jobs.execute_job(event=None, is_async=True, job_name='frappe.core.doctype.scheduled_job_type.scheduled_job_type.run_scheduled_jo..., kwargs={'job_type': 'frappe.monitor.flush'}, method='frappe.core.doctype.scheduled_job_type.scheduled_job_type.run_scheduled_jo..., site='erp.local', user='Administrator') (erp.local::scheduled_job::frappe.monitor.flush)
2025-10-08 08:36:58,493 Users-thaidoantuan-workspace-frappe-dev-bench:default: Job OK (erp.local::scheduled_job::frappe.monitor.flush)
2025-10-08 08:36:58,493 Result is kept for 600 seconds
2025-10-08 08:36:58,497 Users-thaidoantuan-workspace-frappe-dev-bench:default: frappe.utils.background_jobs.execute_job(event=None, is_async=True, job_name='frappe.core.doctype.scheduled_job_type.scheduled_job_type.run_scheduled_jo..., kwargs={'job_type': 'frappe.email.queue.flush'}, method='frappe.core.doctype.scheduled_job_type.scheduled_job_type.run_scheduled_jo..., site='erp.local', user='Administrator') (erp.local::scheduled_job::frappe.email.queue.flush)
2025-10-08 08:36:58,647 Users-thaidoantuan-workspace-frappe-dev-bench:default: Job OK (erp.local::scheduled_job::frappe.email.queue.flush)
2025-10-08 08:36:58,647 Result is kept for 600 seconds
2025-10-08 08:36:58,653 Users-thaidoantuan-workspace-frappe-dev-bench:default: frappe.utils.background_jobs.execute_job(event=None, is_async=True, job_name='frappe.core.doctype.scheduled_job_type.scheduled_job_type.run_scheduled_jo..., kwargs={'job_type': 'frappe.email.queue.retry_sending_emails'}, method='frappe.core.doctype.scheduled_job_type.scheduled_job_type.run_scheduled_jo..., site='erp.local', user='Administrator') (erp.local::scheduled_job::frappe.email.queue.retry_sending_emails)
2025-10-08 08:36:58,748 Users-thaidoantuan-workspace-frappe-dev-bench:default: Job OK (erp.local::scheduled_job::frappe.email.queue.retry_sending_emails)
2025-10-08 08:36:58,749 Result is kept for 600 seconds
2025-10-08 08:40:58,675 Users-thaidoantuan-workspace-frappe-dev-bench:default: frappe.utils.background_jobs.execute_job(event=None, is_async=True, job_name='frappe.core.doctype.scheduled_job_type.scheduled_job_type.run_scheduled_jo..., kwargs={'job_type': 'frappe.email.queue.flush'}, method='frappe.core.doctype.scheduled_job_type.scheduled_job_type.run_scheduled_jo..., site='erp.local', user='Administrator') (erp.local::scheduled_job::frappe.email.queue.flush)
2025-10-08 08:40:58,956 Users-thaidoantuan-workspace-frappe-dev-bench:default: Job OK (erp.local::scheduled_job::frappe.email.queue.flush)
2025-10-08 08:40:58,956 Result is kept for 600 seconds
2025-10-08 08:40:58,962 Users-thaidoantuan-workspace-frappe-dev-bench:default: frappe.utils.background_jobs.execute_job(event=None, is_async=True, job_name='frappe.core.doctype.scheduled_job_type.scheduled_job_type.run_scheduled_jo..., kwargs={'job_type': 'frappe.email.queue.retry_sending_emails'}, method='frappe.core.doctype.scheduled_job_type.scheduled_job_type.run_scheduled_jo..., site='erp.local', user='Administrator') (erp.local::scheduled_job::frappe.email.queue.retry_sending_emails)
2025-10-08 08:40:59,071 Users-thaidoantuan-workspace-frappe-dev-bench:default: Job OK (erp.local::scheduled_job::frappe.email.queue.retry_sending_emails)
2025-10-08 08:40:59,071 Result is kept for 600 seconds
2025-10-08 08:40:59,078 Users-thaidoantuan-workspace-frappe-dev-bench:default: frappe.utils.background_jobs.execute_job(event=None, is_async=True, job_name='frappe.core.doctype.scheduled_job_type.scheduled_job_type.run_scheduled_jo..., kwargs={'job_type': 'frappe.email.doctype.email_account.email_account.pull'}, method='frappe.core.doctype.scheduled_job_type.scheduled_job_type.run_scheduled_jo..., site='erp.local', user='Administrator') (erp.local::scheduled_job::frappe.email.doctype.email_account.email_account.pull)
2025-10-08 08:40:59,253 Users-thaidoantuan-workspace-frappe-dev-bench:default: Job OK (erp.local::scheduled_job::frappe.email.doctype.email_account.email_account.pull)
2025-10-08 08:40:59,254 Result is kept for 600 seconds
2025-10-08 08:40:59,258 Users-thaidoantuan-workspace-frappe-dev-bench:default: frappe.utils.background_jobs.execute_job(event=None, is_async=True, job_name='frappe.core.doctype.scheduled_job_type.scheduled_job_type.run_scheduled_jo..., kwargs={'job_type': 'frappe.integrations.doctype.google_calendar.google_calendar.s..., method='frappe.core.doctype.scheduled_job_type.scheduled_job_type.run_scheduled_jo..., site='erp.local', user='Administrator') (erp.local::scheduled_job::frappe.integrations.doctype.google_calendar.google_calendar.sync)
2025-10-08 08:40:59,432 Users-thaidoantuan-workspace-frappe-dev-bench:default: Job OK (erp.local::scheduled_job::frappe.integrations.doctype.google_calendar.google_calendar.sync)
2025-10-08 08:40:59,432 Result is kept for 600 seconds
2025-10-08 08:40:59,437 Users-thaidoantuan-workspace-frappe-dev-bench:default: frappe.utils.background_jobs.execute_job(event=None, is_async=True, job_name='frappe.core.doctype.scheduled_job_type.scheduled_job_type.run_scheduled_jo..., kwargs={'job_type': 'frappe.monitor.flush'}, method='frappe.core.doctype.scheduled_job_type.scheduled_job_type.run_scheduled_jo..., site='erp.local', user='Administrator') (erp.local::scheduled_job::frappe.monitor.flush)
2025-10-08 08:40:59,523 Users-thaidoantuan-workspace-frappe-dev-bench:default: Job OK (erp.local::scheduled_job::frappe.monitor.flush)
2025-10-08 08:40:59,524 Result is kept for 600 seconds
2025-10-08 08:44:59,154 Users-thaidoantuan-workspace-frappe-dev-bench:default: frappe.utils.background_jobs.execute_job(event=None, is_async=True, job_name='frappe.core.doctype.scheduled_job_type.scheduled_job_type.run_scheduled_jo..., kwargs={'job_type': 'frappe.email.queue.retry_sending_emails'}, method='frappe.core.doctype.scheduled_job_type.scheduled_job_type.run_scheduled_jo..., site='erp.local', user='Administrator') (erp.local::scheduled_job::frappe.email.queue.retry_sending_emails)
2025-10-08 08:44:59,320 Users-thaidoantuan-workspace-frappe-dev-bench:default: Job OK (erp.local::scheduled_job::frappe.email.queue.retry_sending_emails)
2025-10-08 08:44:59,320 Result is kept for 600 seconds
2025-10-08 08:44:59,323 Cleaning registries for queue: Users-thaidoantuan-workspace-frappe-dev-bench:short
2025-10-08 08:44:59,325 Cleaning registries for queue: Users-thaidoantuan-workspace-frappe-dev-bench:default
2025-10-08 08:44:59,326 Cleaning registries for queue: Users-thaidoantuan-workspace-frappe-dev-bench:long
2025-10-08 08:44:59,329 Users-thaidoantuan-workspace-frappe-dev-bench:default: frappe.utils.background_jobs.execute_job(event=None, is_async=True, job_name='frappe.core.doctype.scheduled_job_type.scheduled_job_type.run_scheduled_jo..., kwargs={'job_type': 'frappe.email.queue.flush'}, method='frappe.core.doctype.scheduled_job_type.scheduled_job_type.run_scheduled_jo..., site='erp.local', user='Administrator') (erp.local::scheduled_job::frappe.email.queue.flush)
2025-10-08 08:44:59,480 Users-thaidoantuan-workspace-frappe-dev-bench:default: Job OK (erp.local::scheduled_job::frappe.email.queue.flush)
2025-10-08 08:44:59,480 Result is kept for 600 seconds
2025-10-08 08:44:59,485 Users-thaidoantuan-workspace-frappe-dev-bench:default: frappe.utils.background_jobs.execute_job(event=None, is_async=True, job_name='frappe.core.doctype.scheduled_job_type.scheduled_job_type.run_scheduled_jo..., kwargs={'job_type': 'frappe.integrations.doctype.google_calendar.google_calendar.s..., method='frappe.core.doctype.scheduled_job_type.scheduled_job_type.run_scheduled_jo..., site='erp.local', user='Administrator') (erp.local::scheduled_job::frappe.integrations.doctype.google_calendar.google_calendar.sync)
2025-10-08 08:44:59,635 Users-thaidoantuan-workspace-frappe-dev-bench:default: Job OK (erp.local::scheduled_job::frappe.integrations.doctype.google_calendar.google_calendar.sync)
2025-10-08 08:44:59,635 Result is kept for 600 seconds
2025-10-08 08:44:59,641 Users-thaidoantuan-workspace-frappe-dev-bench:default: frappe.utils.background_jobs.execute_job(event=None, is_async=True, job_name='frappe.core.doctype.scheduled_job_type.scheduled_job_type.run_scheduled_jo..., kwargs={'job_type': 'frappe.monitor.flush'}, method='frappe.core.doctype.scheduled_job_type.scheduled_job_type.run_scheduled_jo..., site='erp.local', user='Administrator') (erp.local::scheduled_job::frappe.monitor.flush)
2025-10-08 08:44:59,721 Users-thaidoantuan-workspace-frappe-dev-bench:default: Job OK (erp.local::scheduled_job::frappe.monitor.flush)
2025-10-08 08:44:59,721 Result is kept for 600 seconds
2025-10-08 08:45:59,272 Users-thaidoantuan-workspace-frappe-dev-bench:default: frappe.utils.background_jobs.execute_job(event=None, is_async=True, job_name='frappe.core.doctype.scheduled_job_type.scheduled_job_type.run_scheduled_jo..., kwargs={'job_type': 'frappe.pulse.client.send_queued_events'}, method='frappe.core.doctype.scheduled_job_type.scheduled_job_type.run_scheduled_jo..., site='erp.local', user='Administrator') (erp.local::scheduled_job::frappe.pulse.client.send_queued_events)
2025-10-08 08:45:59,525 Users-thaidoantuan-workspace-frappe-dev-bench:default: Job OK (erp.local::scheduled_job::frappe.pulse.client.send_queued_events)
2025-10-08 08:45:59,525 Result is kept for 600 seconds
2025-10-08 08:45:59,530 Users-thaidoantuan-workspace-frappe-dev-bench:default: frappe.utils.background_jobs.execute_job(event=None, is_async=True, job_name='frappe.core.doctype.scheduled_job_type.scheduled_job_type.run_scheduled_jo..., kwargs={'job_type': 'frappe.model.utils.link_count.update_link_count'}, method='frappe.core.doctype.scheduled_job_type.scheduled_job_type.run_scheduled_jo..., site='erp.local', user='Administrator') (erp.local::scheduled_job::frappe.model.utils.link_count.update_link_count)
2025-10-08 08:45:59,658 Users-thaidoantuan-workspace-frappe-dev-bench:default: Job OK (erp.local::scheduled_job::frappe.model.utils.link_count.update_link_count)
2025-10-08 08:45:59,659 Result is kept for 600 seconds
2025-10-08 08:45:59,663 Users-thaidoantuan-workspace-frappe-dev-bench:default: frappe.utils.background_jobs.execute_job(event=None, is_async=True, job_name='frappe.core.doctype.scheduled_job_type.scheduled_job_type.run_scheduled_jo..., kwargs={'job_type': 'frappe.email.doctype.email_account.email_account.notify_unrep..., method='frappe.core.doctype.scheduled_job_type.scheduled_job_type.run_scheduled_jo..., site='erp.local', user='Administrator') (erp.local::scheduled_job::frappe.email.doctype.email_account.email_account.notify_unreplied)
2025-10-08 08:45:59,792 Users-thaidoantuan-workspace-frappe-dev-bench:default: Job OK (erp.local::scheduled_job::frappe.email.doctype.email_account.email_account.notify_unreplied)
2025-10-08 08:45:59,792 Result is kept for 600 seconds
2025-10-08 08:45:59,796 Users-thaidoantuan-workspace-frappe-dev-bench:default: frappe.utils.background_jobs.execute_job(event=None, is_async=True, job_name='frappe.core.doctype.scheduled_job_type.scheduled_job_type.run_scheduled_jo..., kwargs={'job_type': 'frappe.deferred_insert.save_to_db'}, method='frappe.core.doctype.scheduled_job_type.scheduled_job_type.run_scheduled_jo..., site='erp.local', user='Administrator') (erp.local::scheduled_job::frappe.deferred_insert.save_to_db)
2025-10-08 08:45:59,915 Users-thaidoantuan-workspace-frappe-dev-bench:default: Job OK (erp.local::scheduled_job::frappe.deferred_insert.save_to_db)
2025-10-08 08:45:59,916 Result is kept for 600 seconds
2025-10-08 08:45:59,919 Users-thaidoantuan-workspace-frappe-dev-bench:default: frappe.utils.background_jobs.execute_job(event=None, is_async=True, job_name='frappe.core.doctype.scheduled_job_type.scheduled_job_type.run_scheduled_jo..., kwargs={'job_type': 'erpnext.manufacturing.doctype.bom_update_log.bom_update_log.r..., method='frappe.core.doctype.scheduled_job_type.scheduled_job_type.run_scheduled_jo..., site='erp.local', user='Administrator') (erp.local::scheduled_job::erpnext.manufacturing.doctype.bom_update_log.bom_update_log.resume_bom_cost_update_jobs)
2025-10-08 08:46:00,051 Users-thaidoantuan-workspace-frappe-dev-bench:default: Job OK (erp.local::scheduled_job::erpnext.manufacturing.doctype.bom_update_log.bom_update_log.resume_bom_cost_update_jobs)
2025-10-08 08:46:00,051 Result is kept for 600 seconds
2025-10-08 08:46:00,055 Users-thaidoantuan-workspace-frappe-dev-bench:default: frappe.utils.background_jobs.execute_job(event=None, is_async=True, job_name='frappe.core.doctype.scheduled_job_type.scheduled_job_type.run_scheduled_jo..., kwargs={'job_type': 'frappe.search.sqlite_search.build_index_if_not_exists'}, method='frappe.core.doctype.scheduled_job_type.scheduled_job_type.run_scheduled_jo..., site='erp.local', user='Administrator') (erp.local::scheduled_job::frappe.search.sqlite_search.build_index_if_not_exists)
2025-10-08 08:46:00,207 Users-thaidoantuan-workspace-frappe-dev-bench:default: Job OK (erp.local::scheduled_job::frappe.search.sqlite_search.build_index_if_not_exists)
2025-10-08 08:46:00,207 Result is kept for 600 seconds
2025-10-08 08:46:00,211 Users-thaidoantuan-workspace-frappe-dev-bench:default: frappe.utils.background_jobs.execute_job(event=None, is_async=True, job_name='frappe.core.doctype.scheduled_job_type.scheduled_job_type.run_scheduled_jo..., kwargs={'job_type': 'frappe.utils.global_search.sync_global_search'}, method='frappe.core.doctype.scheduled_job_type.scheduled_job_type.run_scheduled_jo..., site='erp.local', user='Administrator') (erp.local::scheduled_job::frappe.utils.global_search.sync_global_search)
2025-10-08 08:46:00,331 Users-thaidoantuan-workspace-frappe-dev-bench:default: Job OK (erp.local::scheduled_job::frappe.utils.global_search.sync_global_search)
2025-10-08 08:46:00,331 Result is kept for 600 seconds
2025-10-08 08:46:00,335 Users-thaidoantuan-workspace-frappe-dev-bench:default: frappe.utils.background_jobs.execute_job(event=None, is_async=True, job_name='frappe.core.doctype.scheduled_job_type.scheduled_job_type.run_scheduled_jo..., kwargs={'job_type': 'frappe.automation.doctype.reminder.reminder.send_reminders'}, method='frappe.core.doctype.scheduled_job_type.scheduled_job_type.run_scheduled_jo..., site='erp.local', user='Administrator') (erp.local::scheduled_job::frappe.automation.doctype.reminder.reminder.send_reminders)
2025-10-08 08:46:00,441 Users-thaidoantuan-workspace-frappe-dev-bench:default: Job OK (erp.local::scheduled_job::frappe.automation.doctype.reminder.reminder.send_reminders)
2025-10-08 08:46:00,441 Result is kept for 600 seconds
2025-10-08 08:48:59,736 Users-thaidoantuan-workspace-frappe-dev-bench:default: frappe.utils.background_jobs.execute_job(event=None, is_async=True, job_name='frappe.core.doctype.scheduled_job_type.scheduled_job_type.run_scheduled_jo..., kwargs={'job_type': 'frappe.email.queue.retry_sending_emails'}, method='frappe.core.doctype.scheduled_job_type.scheduled_job_type.run_scheduled_jo..., site='erp.local', user='Administrator') (erp.local::scheduled_job::frappe.email.queue.retry_sending_emails)
2025-10-08 08:48:59,878 Users-thaidoantuan-workspace-frappe-dev-bench:default: Job OK (erp.local::scheduled_job::frappe.email.queue.retry_sending_emails)
2025-10-08 08:48:59,879 Result is kept for 600 seconds
2025-10-08 08:48:59,883 Users-thaidoantuan-workspace-frappe-dev-bench:default: frappe.utils.background_jobs.execute_job(event=None, is_async=True, job_name='frappe.core.doctype.scheduled_job_type.scheduled_job_type.run_scheduled_jo..., kwargs={'job_type': 'frappe.email.queue.flush'}, method='frappe.core.doctype.scheduled_job_type.scheduled_job_type.run_scheduled_jo..., site='erp.local', user='Administrator') (erp.local::scheduled_job::frappe.email.queue.flush)
2025-10-08 08:49:00,029 Users-thaidoantuan-workspace-frappe-dev-bench:default: Job OK (erp.local::scheduled_job::frappe.email.queue.flush)
2025-10-08 08:49:00,029 Result is kept for 600 seconds
2025-10-08 08:49:00,035 Users-thaidoantuan-workspace-frappe-dev-bench:default: frappe.utils.background_jobs.execute_job(event=None, is_async=True, job_name='frappe.core.doctype.scheduled_job_type.scheduled_job_type.run_scheduled_jo..., kwargs={'job_type': 'frappe.integrations.doctype.google_calendar.google_calendar.s..., method='frappe.core.doctype.scheduled_job_type.scheduled_job_type.run_scheduled_jo..., site='erp.local', user='Administrator') (erp.local::scheduled_job::frappe.integrations.doctype.google_calendar.google_calendar.sync)
2025-10-08 08:49:00,187 Users-thaidoantuan-workspace-frappe-dev-bench:default: Job OK (erp.local::scheduled_job::frappe.integrations.doctype.google_calendar.google_calendar.sync)
2025-10-08 08:49:00,188 Result is kept for 600 seconds
2025-10-08 08:49:00,192 Users-thaidoantuan-workspace-frappe-dev-bench:default: frappe.utils.background_jobs.execute_job(event=None, is_async=True, job_name='frappe.core.doctype.scheduled_job_type.scheduled_job_type.run_scheduled_jo..., kwargs={'job_type': 'frappe.monitor.flush'}, method='frappe.core.doctype.scheduled_job_type.scheduled_job_type.run_scheduled_jo..., site='erp.local', user='Administrator') (erp.local::scheduled_job::frappe.monitor.flush)
2025-10-08 08:49:00,277 Users-thaidoantuan-workspace-frappe-dev-bench:default: Job OK (erp.local::scheduled_job::frappe.monitor.flush)
2025-10-08 08:49:00,277 Result is kept for 600 seconds
2025-10-08 08:51:00,099 Users-thaidoantuan-workspace-frappe-dev-bench:default: frappe.utils.background_jobs.execute_job(event=None, is_async=True, job_name='frappe.core.doctype.scheduled_job_type.scheduled_job_type.run_scheduled_jo..., kwargs={'job_type': 'frappe.email.doctype.email_account.email_account.pull'}, method='frappe.core.doctype.scheduled_job_type.scheduled_job_type.run_scheduled_jo..., site='erp.local', user='Administrator') (erp.local::scheduled_job::frappe.email.doctype.email_account.email_account.pull)
2025-10-08 08:51:00,403 Users-thaidoantuan-workspace-frappe-dev-bench:default: Job OK (erp.local::scheduled_job::frappe.email.doctype.email_account.email_account.pull)
2025-10-08 08:51:00,404 Result is kept for 600 seconds
2025-10-08 08:52:00,265 Users-thaidoantuan-workspace-frappe-dev-bench:default: frappe.utils.background_jobs.execute_job(event=None, is_async=True, job_name='frappe.core.doctype.scheduled_job_type.scheduled_job_type.run_scheduled_jo..., kwargs={'job_type': 'frappe.monitor.flush'}, method='frappe.core.doctype.scheduled_job_type.scheduled_job_type.run_scheduled_jo..., site='erp.local', user='Administrator') (erp.local::scheduled_job::frappe.monitor.flush)
2025-10-08 08:52:00,608 Users-thaidoantuan-workspace-frappe-dev-bench:default: Job OK (erp.local::scheduled_job::frappe.monitor.flush)
2025-10-08 08:52:00,609 Result is kept for 600 seconds
2025-10-08 08:52:00,613 Users-thaidoantuan-workspace-frappe-dev-bench:default: frappe.utils.background_jobs.execute_job(event=None, is_async=True, job_name='frappe.core.doctype.scheduled_job_type.scheduled_job_type.run_scheduled_jo..., kwargs={'job_type': 'frappe.email.queue.flush'}, method='frappe.core.doctype.scheduled_job_type.scheduled_job_type.run_scheduled_jo..., site='erp.local', user='Administrator') (erp.local::scheduled_job::frappe.email.queue.flush)
2025-10-08 08:52:00,792 Users-thaidoantuan-workspace-frappe-dev-bench:default: Job OK (erp.local::scheduled_job::frappe.email.queue.flush)
2025-10-08 08:52:00,792 Result is kept for 600 seconds
2025-10-08 08:52:00,798 Users-thaidoantuan-workspace-frappe-dev-bench:default: frappe.utils.background_jobs.execute_job(event=None, is_async=True, job_name='frappe.core.doctype.scheduled_job_type.scheduled_job_type.run_scheduled_jo..., kwargs={'job_type': 'frappe.email.queue.retry_sending_emails'}, method='frappe.core.doctype.scheduled_job_type.scheduled_job_type.run_scheduled_jo..., site='erp.local', user='Administrator') (erp.local::scheduled_job::frappe.email.queue.retry_sending_emails)
2025-10-08 08:52:00,937 Users-thaidoantuan-workspace-frappe-dev-bench:default: Job OK (erp.local::scheduled_job::frappe.email.queue.retry_sending_emails)
2025-10-08 08:52:00,937 Result is kept for 600 seconds
2025-10-08 08:52:00,944 Users-thaidoantuan-workspace-frappe-dev-bench:default: frappe.utils.background_jobs.execute_job(event=None, is_async=True, job_name='frappe.core.doctype.scheduled_job_type.scheduled_job_type.run_scheduled_jo..., kwargs={'job_type': 'frappe.integrations.doctype.google_calendar.google_calendar.s..., method='frappe.core.doctype.scheduled_job_type.scheduled_job_type.run_scheduled_jo..., site='erp.local', user='Administrator') (erp.local::scheduled_job::frappe.integrations.doctype.google_calendar.google_calendar.sync)
2025-10-08 08:52:01,094 Users-thaidoantuan-workspace-frappe-dev-bench:default: Job OK (erp.local::scheduled_job::frappe.integrations.doctype.google_calendar.google_calendar.sync)
2025-10-08 08:52:01,095 Result is kept for 600 seconds
2025-10-08 08:56:00,737 Users-thaidoantuan-workspace-frappe-dev-bench:default: frappe.utils.background_jobs.execute_job(event=None, is_async=True, job_name='frappe.core.doctype.scheduled_job_type.scheduled_job_type.run_scheduled_jo..., kwargs={'job_type': 'frappe.email.queue.retry_sending_emails'}, method='frappe.core.doctype.scheduled_job_type.scheduled_job_type.run_scheduled_jo..., site='erp.local', user='Administrator') (erp.local::scheduled_job::frappe.email.queue.retry_sending_emails)
2025-10-08 08:56:00,899 Users-thaidoantuan-workspace-frappe-dev-bench:default: Job OK (erp.local::scheduled_job::frappe.email.queue.retry_sending_emails)
2025-10-08 08:56:00,899 Result is kept for 600 seconds
2025-10-08 08:56:00,905 Users-thaidoantuan-workspace-frappe-dev-bench:default: frappe.utils.background_jobs.execute_job(event=None, is_async=True, job_name='frappe.core.doctype.scheduled_job_type.scheduled_job_type.run_scheduled_jo..., kwargs={'job_type': 'frappe.monitor.flush'}, method='frappe.core.doctype.scheduled_job_type.scheduled_job_type.run_scheduled_jo..., site='erp.local', user='Administrator') (erp.local::scheduled_job::frappe.monitor.flush)
2025-10-08 08:56:00,989 Users-thaidoantuan-workspace-frappe-dev-bench:default: Job OK (erp.local::scheduled_job::frappe.monitor.flush)
2025-10-08 08:56:00,989 Result is kept for 600 seconds
2025-10-08 08:56:00,993 Users-thaidoantuan-workspace-frappe-dev-bench:default: frappe.utils.background_jobs.execute_job(event=None, is_async=True, job_name='frappe.core.doctype.scheduled_job_type.scheduled_job_type.run_scheduled_jo..., kwargs={'job_type': 'frappe.integrations.doctype.google_calendar.google_calendar.s..., method='frappe.core.doctype.scheduled_job_type.scheduled_job_type.run_scheduled_jo..., site='erp.local', user='Administrator') (erp.local::scheduled_job::frappe.integrations.doctype.google_calendar.google_calendar.sync)
2025-10-08 08:56:01,137 Users-thaidoantuan-workspace-frappe-dev-bench:default: Job OK (erp.local::scheduled_job::frappe.integrations.doctype.google_calendar.google_calendar.sync)
2025-10-08 08:56:01,137 Result is kept for 600 seconds
2025-10-08 08:56:01,142 Users-thaidoantuan-workspace-frappe-dev-bench:default: frappe.utils.background_jobs.execute_job(event=None, is_async=True, job_name='frappe.core.doctype.scheduled_job_type.scheduled_job_type.run_scheduled_jo..., kwargs={'job_type': 'frappe.email.queue.flush'}, method='frappe.core.doctype.scheduled_job_type.scheduled_job_type.run_scheduled_jo..., site='erp.local', user='Administrator') (erp.local::scheduled_job::frappe.email.queue.flush)
2025-10-08 08:56:01,271 Users-thaidoantuan-workspace-frappe-dev-bench:default: Job OK (erp.local::scheduled_job::frappe.email.queue.flush)
2025-10-08 08:56:01,271 Result is kept for 600 seconds
2025-10-08 09:00:01,240 Users-thaidoantuan-workspace-frappe-dev-bench:default: frappe.utils.background_jobs.execute_job(event=None, is_async=True, job_name='frappe.core.doctype.scheduled_job_type.scheduled_job_type.run_scheduled_jo..., kwargs={'job_type': 'frappe.email.queue.flush'}, method='frappe.core.doctype.scheduled_job_type.scheduled_job_type.run_scheduled_jo..., site='erp.local', user='Administrator') (erp.local::scheduled_job::frappe.email.queue.flush)
2025-10-08 09:00:01,465 Users-thaidoantuan-workspace-frappe-dev-bench:default: Job OK (erp.local::scheduled_job::frappe.email.queue.flush)
2025-10-08 09:00:01,465 Result is kept for 600 seconds
2025-10-08 09:00:01,470 Users-thaidoantuan-workspace-frappe-dev-bench:default: frappe.utils.background_jobs.execute_job(event=None, is_async=True, job_name='frappe.core.doctype.scheduled_job_type.scheduled_job_type.run_scheduled_jo..., kwargs={'job_type': 'erpnext.projects.doctype.project.project.project_status_updat..., method='frappe.core.doctype.scheduled_job_type.scheduled_job_type.run_scheduled_jo..., site='erp.local', user='Administrator') (erp.local::scheduled_job::erpnext.projects.doctype.project.project.project_status_update_reminder)
2025-10-08 09:00:01,624 Users-thaidoantuan-workspace-frappe-dev-bench:default: Job OK (erp.local::scheduled_job::erpnext.projects.doctype.project.project.project_status_update_reminder)
2025-10-08 09:00:01,624 Result is kept for 600 seconds
2025-10-08 09:00:01,628 Users-thaidoantuan-workspace-frappe-dev-bench:default: frappe.utils.background_jobs.execute_job(event=None, is_async=True, job_name='frappe.core.doctype.scheduled_job_type.scheduled_job_type.run_scheduled_jo..., kwargs={'job_type': 'frappe.email.queue.retry_sending_emails'}, method='frappe.core.doctype.scheduled_job_type.scheduled_job_type.run_scheduled_jo..., site='erp.local', user='Administrator') (erp.local::scheduled_job::frappe.email.queue.retry_sending_emails)
2025-10-08 09:00:01,711 Users-thaidoantuan-workspace-frappe-dev-bench:default: Job OK (erp.local::scheduled_job::frappe.email.queue.retry_sending_emails)
2025-10-08 09:00:01,711 Result is kept for 600 seconds
2025-10-08 09:00:01,715 Users-thaidoantuan-workspace-frappe-dev-bench:default: frappe.utils.background_jobs.execute_job(event=None, is_async=True, job_name='frappe.core.doctype.scheduled_job_type.scheduled_job_type.run_scheduled_jo..., kwargs={'job_type': 'frappe.search.sqlite_search.build_index_if_not_exists'}, method='frappe.core.doctype.scheduled_job_type.scheduled_job_type.run_scheduled_jo..., site='erp.local', user='Administrator') (erp.local::scheduled_job::frappe.search.sqlite_search.build_index_if_not_exists)
2025-10-08 09:00:01,816 Users-thaidoantuan-workspace-frappe-dev-bench:default: Job OK (erp.local::scheduled_job::frappe.search.sqlite_search.build_index_if_not_exists)
2025-10-08 09:00:01,816 Result is kept for 600 seconds
2025-10-08 09:00:01,820 Users-thaidoantuan-workspace-frappe-dev-bench:default: frappe.utils.background_jobs.execute_job(event=None, is_async=True, job_name='frappe.core.doctype.scheduled_job_type.scheduled_job_type.run_scheduled_jo..., kwargs={'job_type': 'frappe.integrations.doctype.google_calendar.google_calendar.s..., method='frappe.core.doctype.scheduled_job_type.scheduled_job_type.run_scheduled_jo..., site='erp.local', user='Administrator') (erp.local::scheduled_job::frappe.integrations.doctype.google_calendar.google_calendar.sync)
2025-10-08 09:00:01,954 Users-thaidoantuan-workspace-frappe-dev-bench:default: Job OK (erp.local::scheduled_job::frappe.integrations.doctype.google_calendar.google_calendar.sync)
2025-10-08 09:00:01,954 Result is kept for 600 seconds
2025-10-08 09:00:01,959 Users-thaidoantuan-workspace-frappe-dev-bench:default: frappe.utils.background_jobs.execute_job(event=None, is_async=True, job_name='frappe.core.doctype.scheduled_job_type.scheduled_job_type.run_scheduled_jo..., kwargs={'job_type': 'frappe.email.doctype.email_account.email_account.pull'}, method='frappe.core.doctype.scheduled_job_type.scheduled_job_type.run_scheduled_jo..., site='erp.local', user='Administrator') (erp.local::scheduled_job::frappe.email.doctype.email_account.email_account.pull)
2025-10-08 09:00:02,080 Users-thaidoantuan-workspace-frappe-dev-bench:default: Job OK (erp.local::scheduled_job::frappe.email.doctype.email_account.email_account.pull)
2025-10-08 09:00:02,080 Result is kept for 600 seconds
2025-10-08 09:00:02,084 Users-thaidoantuan-workspace-frappe-dev-bench:default: frappe.utils.background_jobs.execute_job(event=None, is_async=True, job_name='frappe.core.doctype.scheduled_job_type.scheduled_job_type.run_scheduled_jo..., kwargs={'job_type': 'erpnext.manufacturing.doctype.bom_update_log.bom_update_log.r..., method='frappe.core.doctype.scheduled_job_type.scheduled_job_type.run_scheduled_jo..., site='erp.local', user='Administrator') (erp.local::scheduled_job::erpnext.manufacturing.doctype.bom_update_log.bom_update_log.resume_bom_cost_update_jobs)
2025-10-08 09:00:02,198 Users-thaidoantuan-workspace-frappe-dev-bench:default: Job OK (erp.local::scheduled_job::erpnext.manufacturing.doctype.bom_update_log.bom_update_log.resume_bom_cost_update_jobs)
2025-10-08 09:00:02,198 Result is kept for 600 seconds
2025-10-08 09:00:02,202 Users-thaidoantuan-workspace-frappe-dev-bench:default: frappe.utils.background_jobs.execute_job(event=None, is_async=True, job_name='frappe.core.doctype.scheduled_job_type.scheduled_job_type.run_scheduled_jo..., kwargs={'job_type': 'frappe.pulse.client.send_queued_events'}, method='frappe.core.doctype.scheduled_job_type.scheduled_job_type.run_scheduled_jo..., site='erp.local', user='Administrator') (erp.local::scheduled_job::frappe.pulse.client.send_queued_events)
2025-10-08 09:00:02,311 Users-thaidoantuan-workspace-frappe-dev-bench:default: Job OK (erp.local::scheduled_job::frappe.pulse.client.send_queued_events)
2025-10-08 09:00:02,311 Result is kept for 600 seconds
2025-10-08 09:00:02,315 Users-thaidoantuan-workspace-frappe-dev-bench:default: frappe.utils.background_jobs.execute_job(event=None, is_async=True, job_name='frappe.core.doctype.scheduled_job_type.scheduled_job_type.run_scheduled_jo..., kwargs={'job_type': 'erpnext.projects.doctype.project.project.collect_project_stat..., method='frappe.core.doctype.scheduled_job_type.scheduled_job_type.run_scheduled_jo..., site='erp.local', user='Administrator') (erp.local::scheduled_job::erpnext.projects.doctype.project.project.collect_project_status)
2025-10-08 09:00:02,432 Users-thaidoantuan-workspace-frappe-dev-bench:default: Job OK (erp.local::scheduled_job::erpnext.projects.doctype.project.project.collect_project_status)
2025-10-08 09:00:02,432 Result is kept for 600 seconds
2025-10-08 09:00:02,436 Users-thaidoantuan-workspace-frappe-dev-bench:default: frappe.utils.background_jobs.execute_job(event=None, is_async=True, job_name='frappe.core.doctype.scheduled_job_type.scheduled_job_type.run_scheduled_jo..., kwargs={'job_type': 'frappe.deferred_insert.save_to_db'}, method='frappe.core.doctype.scheduled_job_type.scheduled_job_type.run_scheduled_jo..., site='erp.local', user='Administrator') (erp.local::scheduled_job::frappe.deferred_insert.save_to_db)
2025-10-08 09:00:02,544 Users-thaidoantuan-workspace-frappe-dev-bench:default: Job OK (erp.local::scheduled_job::frappe.deferred_insert.save_to_db)
2025-10-08 09:00:02,544 Result is kept for 600 seconds
2025-10-08 09:00:02,549 Users-thaidoantuan-workspace-frappe-dev-bench:default: frappe.utils.background_jobs.execute_job(event=None, is_async=True, job_name='frappe.core.doctype.scheduled_job_type.scheduled_job_type.run_scheduled_jo..., kwargs={'job_type': 'frappe.email.doctype.email_account.email_account.notify_unrep..., method='frappe.core.doctype.scheduled_job_type.scheduled_job_type.run_scheduled_jo..., site='erp.local', user='Administrator') (erp.local::scheduled_job::frappe.email.doctype.email_account.email_account.notify_unreplied)
2025-10-08 09:00:02,675 Users-thaidoantuan-workspace-frappe-dev-bench:default: Job OK (erp.local::scheduled_job::frappe.email.doctype.email_account.email_account.notify_unreplied)
2025-10-08 09:00:02,676 Result is kept for 600 seconds
2025-10-08 09:00:02,681 Users-thaidoantuan-workspace-frappe-dev-bench:default: frappe.utils.background_jobs.execute_job(event=None, is_async=True, job_name='frappe.core.doctype.scheduled_job_type.scheduled_job_type.run_scheduled_jo..., kwargs={'job_type': 'erpnext.utilities.doctype.video.video.update_youtube_data'}, method='frappe.core.doctype.scheduled_job_type.scheduled_job_type.run_scheduled_jo..., site='erp.local', user='Administrator') (erp.local::scheduled_job::erpnext.utilities.doctype.video.video.update_youtube_data)
2025-10-08 09:00:02,832 Users-thaidoantuan-workspace-frappe-dev-bench:default: Job OK (erp.local::scheduled_job::erpnext.utilities.doctype.video.video.update_youtube_data)
2025-10-08 09:00:02,832 Result is kept for 600 seconds
2025-10-08 09:00:02,839 Users-thaidoantuan-workspace-frappe-dev-bench:default: frappe.utils.background_jobs.execute_job(event=None, is_async=True, job_name='frappe.core.doctype.scheduled_job_type.scheduled_job_type.run_scheduled_jo..., kwargs={'job_type': 'frappe.email.doctype.newsletter.newsletter.send_scheduled_ema..., method='frappe.core.doctype.scheduled_job_type.scheduled_job_type.run_scheduled_jo..., site='erp.local', user='Administrator') (erp.local::scheduled_job::frappe.email.doctype.newsletter.newsletter.send_scheduled_email)
2025-10-08 09:00:02,947 Users-thaidoantuan-workspace-frappe-dev-bench:default: Job OK (erp.local::scheduled_job::frappe.email.doctype.newsletter.newsletter.send_scheduled_email)
2025-10-08 09:00:02,948 Result is kept for 600 seconds
2025-10-08 09:00:02,952 Users-thaidoantuan-workspace-frappe-dev-bench:default: frappe.utils.background_jobs.execute_job(event=None, is_async=True, job_name='frappe.core.doctype.scheduled_job_type.scheduled_job_type.run_scheduled_jo..., kwargs={'job_type': 'frappe.utils.global_search.sync_global_search'}, method='frappe.core.doctype.scheduled_job_type.scheduled_job_type.run_scheduled_jo..., site='erp.local', user='Administrator') (erp.local::scheduled_job::frappe.utils.global_search.sync_global_search)
2025-10-08 09:00:03,053 Users-thaidoantuan-workspace-frappe-dev-bench:default: Job OK (erp.local::scheduled_job::frappe.utils.global_search.sync_global_search)
2025-10-08 09:00:03,053 Result is kept for 600 seconds
2025-10-08 09:00:03,057 Users-thaidoantuan-workspace-frappe-dev-bench:default: frappe.utils.background_jobs.execute_job(event=None, is_async=True, job_name='frappe.core.doctype.scheduled_job_type.scheduled_job_type.run_scheduled_jo..., kwargs={'job_type': 'frappe.monitor.flush'}, method='frappe.core.doctype.scheduled_job_type.scheduled_job_type.run_scheduled_jo..., site='erp.local', user='Administrator') (erp.local::scheduled_job::frappe.monitor.flush)
2025-10-08 09:00:03,133 Users-thaidoantuan-workspace-frappe-dev-bench:default: Job OK (erp.local::scheduled_job::frappe.monitor.flush)
2025-10-08 09:00:03,134 Result is kept for 600 seconds
2025-10-08 09:00:03,137 Users-thaidoantuan-workspace-frappe-dev-bench:default: frappe.utils.background_jobs.execute_job(event=None, is_async=True, job_name='frappe.core.doctype.scheduled_job_type.scheduled_job_type.run_scheduled_jo..., kwargs={'job_type': 'frappe.model.utils.link_count.update_link_count'}, method='frappe.core.doctype.scheduled_job_type.scheduled_job_type.run_scheduled_jo..., site='erp.local', user='Administrator') (erp.local::scheduled_job::frappe.model.utils.link_count.update_link_count)
2025-10-08 09:00:03,247 Users-thaidoantuan-workspace-frappe-dev-bench:default: Job OK (erp.local::scheduled_job::frappe.model.utils.link_count.update_link_count)
2025-10-08 09:00:03,247 Result is kept for 600 seconds
2025-10-08 09:00:03,250 Users-thaidoantuan-workspace-frappe-dev-bench:default: frappe.utils.background_jobs.execute_job(event=None, is_async=True, job_name='frappe.core.doctype.scheduled_job_type.scheduled_job_type.run_scheduled_jo..., kwargs={'job_type': 'erpnext.erpnext_integrations.doctype.plaid_settings.plaid_set..., method='frappe.core.doctype.scheduled_job_type.scheduled_job_type.run_scheduled_jo..., site='erp.local', user='Administrator') (erp.local::scheduled_job::erpnext.erpnext_integrations.doctype.plaid_settings.plaid_settings.automatic_synchronization)
2025-10-08 09:00:03,354 Users-thaidoantuan-workspace-frappe-dev-bench:default: Job OK (erp.local::scheduled_job::erpnext.erpnext_integrations.doctype.plaid_settings.plaid_settings.automatic_synchronization)
2025-10-08 09:00:03,354 Result is kept for 600 seconds
2025-10-08 09:00:03,358 Users-thaidoantuan-workspace-frappe-dev-bench:default: frappe.utils.background_jobs.execute_job(event=None, is_async=True, job_name='frappe.core.doctype.scheduled_job_type.scheduled_job_type.run_scheduled_jo..., kwargs={'job_type': 'erpnext.projects.doctype.project.project.hourly_reminder'}, method='frappe.core.doctype.scheduled_job_type.scheduled_job_type.run_scheduled_jo..., site='erp.local', user='Administrator') (erp.local::scheduled_job::erpnext.projects.doctype.project.project.hourly_reminder)
2025-10-08 09:00:03,469 Users-thaidoantuan-workspace-frappe-dev-bench:default: Job OK (erp.local::scheduled_job::erpnext.projects.doctype.project.project.hourly_reminder)
2025-10-08 09:00:03,469 Result is kept for 600 seconds
2025-10-08 09:00:03,473 Users-thaidoantuan-workspace-frappe-dev-bench:default: frappe.utils.background_jobs.execute_job(event=None, is_async=True, job_name='frappe.core.doctype.scheduled_job_type.scheduled_job_type.run_scheduled_jo..., kwargs={'job_type': 'frappe.automation.doctype.reminder.reminder.send_reminders'}, method='frappe.core.doctype.scheduled_job_type.scheduled_job_type.run_scheduled_jo..., site='erp.local', user='Administrator') (erp.local::scheduled_job::frappe.automation.doctype.reminder.reminder.send_reminders)
2025-10-08 09:00:03,597 Users-thaidoantuan-workspace-frappe-dev-bench:default: Job OK (erp.local::scheduled_job::frappe.automation.doctype.reminder.reminder.send_reminders)
2025-10-08 09:00:03,597 Result is kept for 600 seconds
2025-10-08 09:00:03,601 Users-thaidoantuan-workspace-frappe-dev-bench:long: frappe.utils.background_jobs.execute_job(event=None, is_async=True, job_name='frappe.core.doctype.scheduled_job_type.scheduled_job_type.run_scheduled_jo..., kwargs={'job_type': 'frappe.website.doctype.web_page.web_page.check_publish_status..., method='frappe.core.doctype.scheduled_job_type.scheduled_job_type.run_scheduled_jo..., site='erp.local', user='Administrator') (erp.local::scheduled_job::frappe.website.doctype.web_page.web_page.check_publish_status)
2025-10-08 09:00:03,741 Users-thaidoantuan-workspace-frappe-dev-bench:long: Job OK (erp.local::scheduled_job::frappe.website.doctype.web_page.web_page.check_publish_status)
2025-10-08 09:00:03,742 Result is kept for 600 seconds
2025-10-08 09:00:03,746 Users-thaidoantuan-workspace-frappe-dev-bench:long: frappe.utils.background_jobs.execute_job(event=None, is_async=True, job_name='frappe.core.doctype.scheduled_job_type.scheduled_job_type.run_scheduled_jo..., kwargs={'job_type': 'frappe.desk.utils.delete_old_exported_report_files'}, method='frappe.core.doctype.scheduled_job_type.scheduled_job_type.run_scheduled_jo..., site='erp.local', user='Administrator') (erp.local::scheduled_job::frappe.desk.utils.delete_old_exported_report_files)
2025-10-08 09:00:03,860 Users-thaidoantuan-workspace-frappe-dev-bench:long: Job OK (erp.local::scheduled_job::frappe.desk.utils.delete_old_exported_report_files)
2025-10-08 09:00:03,860 Result is kept for 600 seconds
2025-10-08 09:00:03,864 Users-thaidoantuan-workspace-frappe-dev-bench:long: frappe.utils.background_jobs.execute_job(event=None, is_async=True, job_name='frappe.core.doctype.scheduled_job_type.scheduled_job_type.run_scheduled_jo..., kwargs={'job_type': 'frappe.core.doctype.prepared_report.prepared_report.expire_st..., method='frappe.core.doctype.scheduled_job_type.scheduled_job_type.run_scheduled_jo..., site='erp.local', user='Administrator') (erp.local::scheduled_job::frappe.core.doctype.prepared_report.prepared_report.expire_stalled_report)
2025-10-08 09:00:03,970 Users-thaidoantuan-workspace-frappe-dev-bench:long: Job OK (erp.local::scheduled_job::frappe.core.doctype.prepared_report.prepared_report.expire_stalled_report)
2025-10-08 09:00:03,971 Result is kept for 600 seconds
2025-10-08 09:00:03,975 Users-thaidoantuan-workspace-frappe-dev-bench:long: frappe.utils.background_jobs.execute_job(event=None, is_async=True, job_name='frappe.core.doctype.scheduled_job_type.scheduled_job_type.run_scheduled_jo..., kwargs={'job_type': 'frappe.desk.page.backups.backups.delete_downloadable_backups'..., method='frappe.core.doctype.scheduled_job_type.scheduled_job_type.run_scheduled_jo..., site='erp.local', user='Administrator') (erp.local::scheduled_job::frappe.desk.page.backups.backups.delete_downloadable_backups)
2025-10-08 09:00:04,083 Users-thaidoantuan-workspace-frappe-dev-bench:long: Job OK (erp.local::scheduled_job::frappe.desk.page.backups.backups.delete_downloadable_backups)
2025-10-08 09:00:04,083 Result is kept for 600 seconds
2025-10-08 09:00:04,087 Users-thaidoantuan-workspace-frappe-dev-bench:long: frappe.utils.background_jobs.execute_job(event=None, is_async=True, job_name='frappe.core.doctype.scheduled_job_type.scheduled_job_type.run_scheduled_jo..., kwargs={'job_type': 'frappe.oauth.delete_oauth2_data'}, method='frappe.core.doctype.scheduled_job_type.scheduled_job_type.run_scheduled_jo..., site='erp.local', user='Administrator') (erp.local::scheduled_job::frappe.oauth.delete_oauth2_data)
2025-10-08 09:00:04,206 Users-thaidoantuan-workspace-frappe-dev-bench:long: Job OK (erp.local::scheduled_job::frappe.oauth.delete_oauth2_data)
2025-10-08 09:00:04,206 Result is kept for 600 seconds
2025-10-08 09:00:04,210 Users-thaidoantuan-workspace-frappe-dev-bench:long: frappe.utils.background_jobs.execute_job(event=None, is_async=True, job_name='frappe.core.doctype.scheduled_job_type.scheduled_job_type.run_scheduled_jo..., kwargs={'job_type': 'erpnext.stock.doctype.repost_item_valuation.repost_item_valua..., method='frappe.core.doctype.scheduled_job_type.scheduled_job_type.run_scheduled_jo..., site='erp.local', user='Administrator') (erp.local::scheduled_job::erpnext.stock.doctype.repost_item_valuation.repost_item_valuation.repost_entries)
2025-10-08 09:00:04,329 Users-thaidoantuan-workspace-frappe-dev-bench:long: Job OK (erp.local::scheduled_job::erpnext.stock.doctype.repost_item_valuation.repost_item_valuation.repost_entries)
2025-10-08 09:00:04,329 Result is kept for 600 seconds
2025-10-08 09:00:04,333 Users-thaidoantuan-workspace-frappe-dev-bench:long: frappe.utils.background_jobs.execute_job(event=None, is_async=True, job_name='frappe.core.doctype.scheduled_job_type.scheduled_job_type.run_scheduled_jo..., kwargs={'job_type': 'frappe.twofactor.delete_all_barcodes_for_users'}, method='frappe.core.doctype.scheduled_job_type.scheduled_job_type.run_scheduled_jo..., site='erp.local', user='Administrator') (erp.local::scheduled_job::frappe.twofactor.delete_all_barcodes_for_users)
2025-10-08 09:00:04,454 Users-thaidoantuan-workspace-frappe-dev-bench:long: Job OK (erp.local::scheduled_job::frappe.twofactor.delete_all_barcodes_for_users)
2025-10-08 09:00:04,454 Result is kept for 600 seconds
2025-10-08 09:00:04,458 Users-thaidoantuan-workspace-frappe-dev-bench:long: frappe.utils.background_jobs.execute_job(event=None, is_async=True, job_name='frappe.core.doctype.scheduled_job_type.scheduled_job_type.run_scheduled_jo..., kwargs={'job_type': 'frappe.website.doctype.personal_data_deletion_request.persona..., method='frappe.core.doctype.scheduled_job_type.scheduled_job_type.run_scheduled_jo..., site='erp.local', user='Administrator') (erp.local::scheduled_job::frappe.website.doctype.personal_data_deletion_request.personal_data_deletion_request.process_data_deletion_request)
2025-10-08 09:00:04,566 Users-thaidoantuan-workspace-frappe-dev-bench:long: Job OK (erp.local::scheduled_job::frappe.website.doctype.personal_data_deletion_request.personal_data_deletion_request.process_data_deletion_request)
2025-10-08 09:00:04,566 Result is kept for 600 seconds
2025-10-08 09:00:04,570 Users-thaidoantuan-workspace-frappe-dev-bench:long: frappe.utils.background_jobs.execute_job(event=None, is_async=True, job_name='frappe.core.doctype.scheduled_job_type.scheduled_job_type.run_scheduled_jo..., kwargs={'job_type': 'frappe.model.utils.user_settings.sync_user_settings'}, method='frappe.core.doctype.scheduled_job_type.scheduled_job_type.run_scheduled_jo..., site='erp.local', user='Administrator') (erp.local::scheduled_job::frappe.model.utils.user_settings.sync_user_settings)
2025-10-08 09:00:04,674 Users-thaidoantuan-workspace-frappe-dev-bench:long: Job OK (erp.local::scheduled_job::frappe.model.utils.user_settings.sync_user_settings)
2025-10-08 09:00:04,674 Result is kept for 600 seconds
2025-10-08 09:00:04,678 Users-thaidoantuan-workspace-frappe-dev-bench:long: frappe.utils.background_jobs.execute_job(event=None, is_async=True, job_name='frappe.core.doctype.scheduled_job_type.scheduled_job_type.run_scheduled_jo..., kwargs={'job_type': 'erpnext.utilities.bulk_transaction.retry'}, method='frappe.core.doctype.scheduled_job_type.scheduled_job_type.run_scheduled_jo..., site='erp.local', user='Administrator') (erp.local::scheduled_job::erpnext.utilities.bulk_transaction.retry)
2025-10-08 09:00:04,789 Users-thaidoantuan-workspace-frappe-dev-bench:long: Job OK (erp.local::scheduled_job::erpnext.utilities.bulk_transaction.retry)
2025-10-08 09:00:04,789 Result is kept for 600 seconds
2025-10-08 09:00:04,793 Users-thaidoantuan-workspace-frappe-dev-bench:long: frappe.utils.background_jobs.execute_job(event=None, is_async=True, job_name='frappe.core.doctype.scheduled_job_type.scheduled_job_type.run_scheduled_jo..., kwargs={'job_type': 'frappe.desk.form.document_follow.send_hourly_updates'}, method='frappe.core.doctype.scheduled_job_type.scheduled_job_type.run_scheduled_jo..., site='erp.local', user='Administrator') (erp.local::scheduled_job::frappe.desk.form.document_follow.send_hourly_updates)
2025-10-08 09:00:04,915 Users-thaidoantuan-workspace-frappe-dev-bench:long: Job OK (erp.local::scheduled_job::frappe.desk.form.document_follow.send_hourly_updates)
2025-10-08 09:00:04,915 Result is kept for 600 seconds
2025-10-08 09:04:01,755 Users-thaidoantuan-workspace-frappe-dev-bench:default: frappe.utils.background_jobs.execute_job(event=None, is_async=True, job_name='frappe.core.doctype.scheduled_job_type.scheduled_job_type.run_scheduled_jo..., kwargs={'job_type': 'frappe.email.queue.flush'}, method='frappe.core.doctype.scheduled_job_type.scheduled_job_type.run_scheduled_jo..., site='erp.local', user='Administrator') (erp.local::scheduled_job::frappe.email.queue.flush)
2025-10-08 09:04:02,015 Users-thaidoantuan-workspace-frappe-dev-bench:default: Job OK (erp.local::scheduled_job::frappe.email.queue.flush)
2025-10-08 09:04:02,016 Result is kept for 600 seconds
2025-10-08 09:04:02,026 Users-thaidoantuan-workspace-frappe-dev-bench:default: frappe.utils.background_jobs.execute_job(event=None, is_async=True, job_name='frappe.core.doctype.scheduled_job_type.scheduled_job_type.run_scheduled_jo..., kwargs={'job_type': 'frappe.integrations.doctype.google_calendar.google_calendar.s..., method='frappe.core.doctype.scheduled_job_type.scheduled_job_type.run_scheduled_jo..., site='erp.local', user='Administrator') (erp.local::scheduled_job::frappe.integrations.doctype.google_calendar.google_calendar.sync)
2025-10-08 09:04:02,228 Users-thaidoantuan-workspace-frappe-dev-bench:default: Job OK (erp.local::scheduled_job::frappe.integrations.doctype.google_calendar.google_calendar.sync)
2025-10-08 09:04:02,228 Result is kept for 600 seconds
2025-10-08 09:04:02,233 Users-thaidoantuan-workspace-frappe-dev-bench:default: frappe.utils.background_jobs.execute_job(event=None, is_async=True, job_name='frappe.core.doctype.scheduled_job_type.scheduled_job_type.run_scheduled_jo..., kwargs={'job_type': 'frappe.monitor.flush'}, method='frappe.core.doctype.scheduled_job_type.scheduled_job_type.run_scheduled_jo..., site='erp.local', user='Administrator') (erp.local::scheduled_job::frappe.monitor.flush)
2025-10-08 09:04:02,313 Users-thaidoantuan-workspace-frappe-dev-bench:default: Job OK (erp.local::scheduled_job::frappe.monitor.flush)
2025-10-08 09:04:02,313 Result is kept for 600 seconds
2025-10-08 09:04:02,319 Users-thaidoantuan-workspace-frappe-dev-bench:default: frappe.utils.background_jobs.execute_job(event=None, is_async=True, job_name='frappe.core.doctype.scheduled_job_type.scheduled_job_type.run_scheduled_jo..., kwargs={'job_type': 'frappe.email.queue.retry_sending_emails'}, method='frappe.core.doctype.scheduled_job_type.scheduled_job_type.run_scheduled_jo..., site='erp.local', user='Administrator') (erp.local::scheduled_job::frappe.email.queue.retry_sending_emails)
2025-10-08 09:04:02,410 Users-thaidoantuan-workspace-frappe-dev-bench:default: Job OK (erp.local::scheduled_job::frappe.email.queue.retry_sending_emails)
2025-10-08 09:04:02,410 Result is kept for 600 seconds
2025-10-08 09:08:02,442 Users-thaidoantuan-workspace-frappe-dev-bench:default: frappe.utils.background_jobs.execute_job(event=None, is_async=True, job_name='frappe.core.doctype.scheduled_job_type.scheduled_job_type.run_scheduled_jo..., kwargs={'job_type': 'frappe.integrations.doctype.google_calendar.google_calendar.s..., method='frappe.core.doctype.scheduled_job_type.scheduled_job_type.run_scheduled_jo..., site='erp.local', user='Administrator') (erp.local::scheduled_job::frappe.integrations.doctype.google_calendar.google_calendar.sync)
2025-10-08 09:08:02,705 Users-thaidoantuan-workspace-frappe-dev-bench:default: Job OK (erp.local::scheduled_job::frappe.integrations.doctype.google_calendar.google_calendar.sync)
2025-10-08 09:08:02,706 Result is kept for 600 seconds
2025-10-08 09:08:02,710 Cleaning registries for queue: Users-thaidoantuan-workspace-frappe-dev-bench:short
2025-10-08 09:08:02,713 Cleaning registries for queue: Users-thaidoantuan-workspace-frappe-dev-bench:default
2025-10-08 09:08:02,715 Cleaning registries for queue: Users-thaidoantuan-workspace-frappe-dev-bench:long
2025-10-08 09:08:02,718 Users-thaidoantuan-workspace-frappe-dev-bench:default: frappe.utils.background_jobs.execute_job(event=None, is_async=True, job_name='frappe.core.doctype.scheduled_job_type.scheduled_job_type.run_scheduled_jo..., kwargs={'job_type': 'frappe.email.queue.retry_sending_emails'}, method='frappe.core.doctype.scheduled_job_type.scheduled_job_type.run_scheduled_jo..., site='erp.local', user='Administrator') (erp.local::scheduled_job::frappe.email.queue.retry_sending_emails)
2025-10-08 09:08:02,850 Users-thaidoantuan-workspace-frappe-dev-bench:default: Job OK (erp.local::scheduled_job::frappe.email.queue.retry_sending_emails)
2025-10-08 09:08:02,851 Result is kept for 600 seconds
2025-10-08 09:08:02,857 Users-thaidoantuan-workspace-frappe-dev-bench:default: frappe.utils.background_jobs.execute_job(event=None, is_async=True, job_name='frappe.core.doctype.scheduled_job_type.scheduled_job_type.run_scheduled_jo..., kwargs={'job_type': 'frappe.monitor.flush'}, method='frappe.core.doctype.scheduled_job_type.scheduled_job_type.run_scheduled_jo..., site='erp.local', user='Administrator') (erp.local::scheduled_job::frappe.monitor.flush)
2025-10-08 09:08:02,947 Users-thaidoantuan-workspace-frappe-dev-bench:default: Job OK (erp.local::scheduled_job::frappe.monitor.flush)
2025-10-08 09:08:02,947 Result is kept for 600 seconds
2025-10-08 09:08:02,951 Users-thaidoantuan-workspace-frappe-dev-bench:default: frappe.utils.background_jobs.execute_job(event=None, is_async=True, job_name='frappe.core.doctype.scheduled_job_type.scheduled_job_type.run_scheduled_jo..., kwargs={'job_type': 'frappe.email.queue.flush'}, method='frappe.core.doctype.scheduled_job_type.scheduled_job_type.run_scheduled_jo..., site='erp.local', user='Administrator') (erp.local::scheduled_job::frappe.email.queue.flush)
2025-10-08 09:08:03,203 Users-thaidoantuan-workspace-frappe-dev-bench:default: Job OK (erp.local::scheduled_job::frappe.email.queue.flush)
2025-10-08 09:08:03,204 Result is kept for 600 seconds
2025-10-08 09:10:02,814 Users-thaidoantuan-workspace-frappe-dev-bench:default: frappe.utils.background_jobs.execute_job(event=None, is_async=True, job_name='frappe.core.doctype.scheduled_job_type.scheduled_job_type.run_scheduled_jo..., kwargs={'job_type': 'frappe.email.doctype.email_account.email_account.pull'}, method='frappe.core.doctype.scheduled_job_type.scheduled_job_type.run_scheduled_jo..., site='erp.local', user='Administrator') (erp.local::scheduled_job::frappe.email.doctype.email_account.email_account.pull)
2025-10-08 09:10:03,081 Users-thaidoantuan-workspace-frappe-dev-bench:default: Job OK (erp.local::scheduled_job::frappe.email.doctype.email_account.email_account.pull)
2025-10-08 09:10:03,081 Result is kept for 600 seconds
2025-10-08 09:12:02,994 Users-thaidoantuan-workspace-frappe-dev-bench:default: frappe.utils.background_jobs.execute_job(event=None, is_async=True, job_name='frappe.core.doctype.scheduled_job_type.scheduled_job_type.run_scheduled_jo..., kwargs={'job_type': 'frappe.integrations.doctype.google_calendar.google_calendar.s..., method='frappe.core.doctype.scheduled_job_type.scheduled_job_type.run_scheduled_jo..., site='erp.local', user='Administrator') (erp.local::scheduled_job::frappe.integrations.doctype.google_calendar.google_calendar.sync)
2025-10-08 09:12:03,194 Users-thaidoantuan-workspace-frappe-dev-bench:default: Job OK (erp.local::scheduled_job::frappe.integrations.doctype.google_calendar.google_calendar.sync)
2025-10-08 09:12:03,194 Result is kept for 600 seconds
2025-10-08 09:12:03,202 Users-thaidoantuan-workspace-frappe-dev-bench:default: frappe.utils.background_jobs.execute_job(event=None, is_async=True, job_name='frappe.core.doctype.scheduled_job_type.scheduled_job_type.run_scheduled_jo..., kwargs={'job_type': 'frappe.email.queue.flush'}, method='frappe.core.doctype.scheduled_job_type.scheduled_job_type.run_scheduled_jo..., site='erp.local', user='Administrator') (erp.local::scheduled_job::frappe.email.queue.flush)
2025-10-08 09:12:03,344 Users-thaidoantuan-workspace-frappe-dev-bench:default: Job OK (erp.local::scheduled_job::frappe.email.queue.flush)
2025-10-08 09:12:03,345 Result is kept for 600 seconds
2025-10-08 09:12:03,351 Users-thaidoantuan-workspace-frappe-dev-bench:default: frappe.utils.background_jobs.execute_job(event=None, is_async=True, job_name='frappe.core.doctype.scheduled_job_type.scheduled_job_type.run_scheduled_jo..., kwargs={'job_type': 'frappe.email.queue.retry_sending_emails'}, method='frappe.core.doctype.scheduled_job_type.scheduled_job_type.run_scheduled_jo..., site='erp.local', user='Administrator') (erp.local::scheduled_job::frappe.email.queue.retry_sending_emails)
2025-10-08 09:12:03,442 Users-thaidoantuan-workspace-frappe-dev-bench:default: Job OK (erp.local::scheduled_job::frappe.email.queue.retry_sending_emails)
2025-10-08 09:12:03,442 Result is kept for 600 seconds
2025-10-08 09:12:03,446 Users-thaidoantuan-workspace-frappe-dev-bench:default: frappe.utils.background_jobs.execute_job(event=None, is_async=True, job_name='frappe.core.doctype.scheduled_job_type.scheduled_job_type.run_scheduled_jo..., kwargs={'job_type': 'frappe.monitor.flush'}, method='frappe.core.doctype.scheduled_job_type.scheduled_job_type.run_scheduled_jo..., site='erp.local', user='Administrator') (erp.local::scheduled_job::frappe.monitor.flush)
2025-10-08 09:12:03,536 Users-thaidoantuan-workspace-frappe-dev-bench:default: Job OK (erp.local::scheduled_job::frappe.monitor.flush)
2025-10-08 09:12:03,536 Result is kept for 600 seconds
2025-10-08 09:15:03,330 Users-thaidoantuan-workspace-frappe-dev-bench:default: frappe.utils.background_jobs.execute_job(event=None, is_async=True, job_name='frappe.core.doctype.scheduled_job_type.scheduled_job_type.run_scheduled_jo..., kwargs={'job_type': 'erpnext.manufacturing.doctype.bom_update_log.bom_update_log.r..., method='frappe.core.doctype.scheduled_job_type.scheduled_job_type.run_scheduled_jo..., site='erp.local', user='Administrator') (erp.local::scheduled_job::erpnext.manufacturing.doctype.bom_update_log.bom_update_log.resume_bom_cost_update_jobs)
2025-10-08 09:15:03,557 Users-thaidoantuan-workspace-frappe-dev-bench:default: Job OK (erp.local::scheduled_job::erpnext.manufacturing.doctype.bom_update_log.bom_update_log.resume_bom_cost_update_jobs)
2025-10-08 09:15:03,557 Result is kept for 600 seconds
2025-10-08 09:15:03,561 Users-thaidoantuan-workspace-frappe-dev-bench:default: frappe.utils.background_jobs.execute_job(event=None, is_async=True, job_name='frappe.core.doctype.scheduled_job_type.scheduled_job_type.run_scheduled_jo..., kwargs={'job_type': 'frappe.automation.doctype.reminder.reminder.send_reminders'}, method='frappe.core.doctype.scheduled_job_type.scheduled_job_type.run_scheduled_jo..., site='erp.local', user='Administrator') (erp.local::scheduled_job::frappe.automation.doctype.reminder.reminder.send_reminders)
2025-10-08 09:15:03,748 Users-thaidoantuan-workspace-frappe-dev-bench:default: Job OK (erp.local::scheduled_job::frappe.automation.doctype.reminder.reminder.send_reminders)
2025-10-08 09:15:03,748 Result is kept for 600 seconds
2025-10-08 09:15:03,754 Users-thaidoantuan-workspace-frappe-dev-bench:default: frappe.utils.background_jobs.execute_job(event=None, is_async=True, job_name='frappe.core.doctype.scheduled_job_type.scheduled_job_type.run_scheduled_jo..., kwargs={'job_type': 'frappe.email.doctype.email_account.email_account.notify_unrep..., method='frappe.core.doctype.scheduled_job_type.scheduled_job_type.run_scheduled_jo..., site='erp.local', user='Administrator') (erp.local::scheduled_job::frappe.email.doctype.email_account.email_account.notify_unreplied)
2025-10-08 09:15:03,886 Users-thaidoantuan-workspace-frappe-dev-bench:default: Job OK (erp.local::scheduled_job::frappe.email.doctype.email_account.email_account.notify_unreplied)
2025-10-08 09:15:03,886 Result is kept for 600 seconds
2025-10-08 09:15:03,891 Users-thaidoantuan-workspace-frappe-dev-bench:default: frappe.utils.background_jobs.execute_job(event=None, is_async=True, job_name='frappe.core.doctype.scheduled_job_type.scheduled_job_type.run_scheduled_jo..., kwargs={'job_type': 'frappe.search.sqlite_search.build_index_if_not_exists'}, method='frappe.core.doctype.scheduled_job_type.scheduled_job_type.run_scheduled_jo..., site='erp.local', user='Administrator') (erp.local::scheduled_job::frappe.search.sqlite_search.build_index_if_not_exists)
2025-10-08 09:15:04,037 Users-thaidoantuan-workspace-frappe-dev-bench:default: Job OK (erp.local::scheduled_job::frappe.search.sqlite_search.build_index_if_not_exists)
2025-10-08 09:15:04,037 Result is kept for 600 seconds
2025-10-08 09:15:04,042 Users-thaidoantuan-workspace-frappe-dev-bench:default: frappe.utils.background_jobs.execute_job(event=None, is_async=True, job_name='frappe.core.doctype.scheduled_job_type.scheduled_job_type.run_scheduled_jo..., kwargs={'job_type': 'frappe.deferred_insert.save_to_db'}, method='frappe.core.doctype.scheduled_job_type.scheduled_job_type.run_scheduled_jo..., site='erp.local', user='Administrator') (erp.local::scheduled_job::frappe.deferred_insert.save_to_db)
2025-10-08 09:15:04,182 Users-thaidoantuan-workspace-frappe-dev-bench:default: Job OK (erp.local::scheduled_job::frappe.deferred_insert.save_to_db)
2025-10-08 09:15:04,182 Result is kept for 600 seconds
2025-10-08 09:15:04,187 Users-thaidoantuan-workspace-frappe-dev-bench:default: frappe.utils.background_jobs.execute_job(event=None, is_async=True, job_name='frappe.core.doctype.scheduled_job_type.scheduled_job_type.run_scheduled_jo..., kwargs={'job_type': 'frappe.pulse.client.send_queued_events'}, method='frappe.core.doctype.scheduled_job_type.scheduled_job_type.run_scheduled_jo..., site='erp.local', user='Administrator') (erp.local::scheduled_job::frappe.pulse.client.send_queued_events)
2025-10-08 09:15:04,301 Users-thaidoantuan-workspace-frappe-dev-bench:default: Job OK (erp.local::scheduled_job::frappe.pulse.client.send_queued_events)
2025-10-08 09:15:04,302 Result is kept for 600 seconds
2025-10-08 09:15:04,306 Users-thaidoantuan-workspace-frappe-dev-bench:default: frappe.utils.background_jobs.execute_job(event=None, is_async=True, job_name='frappe.core.doctype.scheduled_job_type.scheduled_job_type.run_scheduled_jo..., kwargs={'job_type': 'frappe.utils.global_search.sync_global_search'}, method='frappe.core.doctype.scheduled_job_type.scheduled_job_type.run_scheduled_jo..., site='erp.local', user='Administrator') (erp.local::scheduled_job::frappe.utils.global_search.sync_global_search)
2025-10-08 09:15:04,419 Users-thaidoantuan-workspace-frappe-dev-bench:default: Job OK (erp.local::scheduled_job::frappe.utils.global_search.sync_global_search)
2025-10-08 09:15:04,419 Result is kept for 600 seconds
2025-10-08 09:15:04,425 Users-thaidoantuan-workspace-frappe-dev-bench:default: frappe.utils.background_jobs.execute_job(event=None, is_async=True, job_name='frappe.core.doctype.scheduled_job_type.scheduled_job_type.run_scheduled_jo..., kwargs={'job_type': 'frappe.model.utils.link_count.update_link_count'}, method='frappe.core.doctype.scheduled_job_type.scheduled_job_type.run_scheduled_jo..., site='erp.local', user='Administrator') (erp.local::scheduled_job::frappe.model.utils.link_count.update_link_count)
2025-10-08 09:15:04,541 Users-thaidoantuan-workspace-frappe-dev-bench:default: Job OK (erp.local::scheduled_job::frappe.model.utils.link_count.update_link_count)
2025-10-08 09:15:04,541 Result is kept for 600 seconds
2025-10-08 09:16:03,474 Users-thaidoantuan-workspace-frappe-dev-bench:default: frappe.utils.background_jobs.execute_job(event=None, is_async=True, job_name='frappe.core.doctype.scheduled_job_type.scheduled_job_type.run_scheduled_jo..., kwargs={'job_type': 'frappe.monitor.flush'}, method='frappe.core.doctype.scheduled_job_type.scheduled_job_type.run_scheduled_jo..., site='erp.local', user='Administrator') (erp.local::scheduled_job::frappe.monitor.flush)
2025-10-08 09:16:03,661 Users-thaidoantuan-workspace-frappe-dev-bench:default: Job OK (erp.local::scheduled_job::frappe.monitor.flush)
2025-10-08 09:16:03,661 Result is kept for 600 seconds
2025-10-08 09:16:03,664 Users-thaidoantuan-workspace-frappe-dev-bench:default: frappe.utils.background_jobs.execute_job(event=None, is_async=True, job_name='frappe.core.doctype.scheduled_job_type.scheduled_job_type.run_scheduled_jo..., kwargs={'job_type': 'frappe.email.queue.flush'}, method='frappe.core.doctype.scheduled_job_type.scheduled_job_type.run_scheduled_jo..., site='erp.local', user='Administrator') (erp.local::scheduled_job::frappe.email.queue.flush)
2025-10-08 09:16:03,811 Users-thaidoantuan-workspace-frappe-dev-bench:default: Job OK (erp.local::scheduled_job::frappe.email.queue.flush)
2025-10-08 09:16:03,811 Result is kept for 600 seconds
2025-10-08 09:16:03,816 Users-thaidoantuan-workspace-frappe-dev-bench:default: frappe.utils.background_jobs.execute_job(event=None, is_async=True, job_name='frappe.core.doctype.scheduled_job_type.scheduled_job_type.run_scheduled_jo..., kwargs={'job_type': 'frappe.email.queue.retry_sending_emails'}, method='frappe.core.doctype.scheduled_job_type.scheduled_job_type.run_scheduled_jo..., site='erp.local', user='Administrator') (erp.local::scheduled_job::frappe.email.queue.retry_sending_emails)
2025-10-08 09:16:03,910 Users-thaidoantuan-workspace-frappe-dev-bench:default: Job OK (erp.local::scheduled_job::frappe.email.queue.retry_sending_emails)
2025-10-08 09:16:03,910 Result is kept for 600 seconds
2025-10-08 09:16:03,915 Users-thaidoantuan-workspace-frappe-dev-bench:default: frappe.utils.background_jobs.execute_job(event=None, is_async=True, job_name='frappe.core.doctype.scheduled_job_type.scheduled_job_type.run_scheduled_jo..., kwargs={'job_type': 'frappe.integrations.doctype.google_calendar.google_calendar.s..., method='frappe.core.doctype.scheduled_job_type.scheduled_job_type.run_scheduled_jo..., site='erp.local', user='Administrator') (erp.local::scheduled_job::frappe.integrations.doctype.google_calendar.google_calendar.sync)
2025-10-08 09:16:04,067 Users-thaidoantuan-workspace-frappe-dev-bench:default: Job OK (erp.local::scheduled_job::frappe.integrations.doctype.google_calendar.google_calendar.sync)
2025-10-08 09:16:04,068 Result is kept for 600 seconds
2025-10-08 09:20:03,791 Users-thaidoantuan-workspace-frappe-dev-bench:default: frappe.utils.background_jobs.execute_job(event=None, is_async=True, job_name='frappe.core.doctype.scheduled_job_type.scheduled_job_type.run_scheduled_jo..., kwargs={'job_type': 'frappe.email.queue.retry_sending_emails'}, method='frappe.core.doctype.scheduled_job_type.scheduled_job_type.run_scheduled_jo..., site='erp.local', user='Administrator') (erp.local::scheduled_job::frappe.email.queue.retry_sending_emails)
2025-10-08 09:20:03,925 Users-thaidoantuan-workspace-frappe-dev-bench:default: Job OK (erp.local::scheduled_job::frappe.email.queue.retry_sending_emails)
2025-10-08 09:20:03,925 Result is kept for 600 seconds
2025-10-08 09:20:03,929 Users-thaidoantuan-workspace-frappe-dev-bench:default: frappe.utils.background_jobs.execute_job(event=None, is_async=True, job_name='frappe.core.doctype.scheduled_job_type.scheduled_job_type.run_scheduled_jo..., kwargs={'job_type': 'frappe.email.doctype.email_account.email_account.pull'}, method='frappe.core.doctype.scheduled_job_type.scheduled_job_type.run_scheduled_jo..., site='erp.local', user='Administrator') (erp.local::scheduled_job::frappe.email.doctype.email_account.email_account.pull)
2025-10-08 09:20:04,072 Users-thaidoantuan-workspace-frappe-dev-bench:default: Job OK (erp.local::scheduled_job::frappe.email.doctype.email_account.email_account.pull)
2025-10-08 09:20:04,073 Result is kept for 600 seconds
2025-10-08 09:20:04,078 Users-thaidoantuan-workspace-frappe-dev-bench:default: frappe.utils.background_jobs.execute_job(event=None, is_async=True, job_name='frappe.core.doctype.scheduled_job_type.scheduled_job_type.run_scheduled_jo..., kwargs={'job_type': 'frappe.monitor.flush'}, method='frappe.core.doctype.scheduled_job_type.scheduled_job_type.run_scheduled_jo..., site='erp.local', user='Administrator') (erp.local::scheduled_job::frappe.monitor.flush)
2025-10-08 09:20:04,153 Users-thaidoantuan-workspace-frappe-dev-bench:default: Job OK (erp.local::scheduled_job::frappe.monitor.flush)
2025-10-08 09:20:04,153 Result is kept for 600 seconds
2025-10-08 09:20:04,157 Users-thaidoantuan-workspace-frappe-dev-bench:default: frappe.utils.background_jobs.execute_job(event=None, is_async=True, job_name='frappe.core.doctype.scheduled_job_type.scheduled_job_type.run_scheduled_jo..., kwargs={'job_type': 'frappe.integrations.doctype.google_calendar.google_calendar.s..., method='frappe.core.doctype.scheduled_job_type.scheduled_job_type.run_scheduled_jo..., site='erp.local', user='Administrator') (erp.local::scheduled_job::frappe.integrations.doctype.google_calendar.google_calendar.sync)
2025-10-08 09:20:04,295 Users-thaidoantuan-workspace-frappe-dev-bench:default: Job OK (erp.local::scheduled_job::frappe.integrations.doctype.google_calendar.google_calendar.sync)
2025-10-08 09:20:04,296 Result is kept for 600 seconds
2025-10-08 09:20:04,300 Users-thaidoantuan-workspace-frappe-dev-bench:default: frappe.utils.background_jobs.execute_job(event=None, is_async=True, job_name='frappe.core.doctype.scheduled_job_type.scheduled_job_type.run_scheduled_jo..., kwargs={'job_type': 'frappe.email.queue.flush'}, method='frappe.core.doctype.scheduled_job_type.scheduled_job_type.run_scheduled_jo..., site='erp.local', user='Administrator') (erp.local::scheduled_job::frappe.email.queue.flush)
2025-10-08 09:20:04,441 Users-thaidoantuan-workspace-frappe-dev-bench:default: Job OK (erp.local::scheduled_job::frappe.email.queue.flush)
2025-10-08 09:20:04,441 Result is kept for 600 seconds
2025-10-08 09:24:04,197 Users-thaidoantuan-workspace-frappe-dev-bench:default: frappe.utils.background_jobs.execute_job(event=None, is_async=True, job_name='frappe.core.doctype.scheduled_job_type.scheduled_job_type.run_scheduled_jo..., kwargs={'job_type': 'frappe.monitor.flush'}, method='frappe.core.doctype.scheduled_job_type.scheduled_job_type.run_scheduled_jo..., site='erp.local', user='Administrator') (erp.local::scheduled_job::frappe.monitor.flush)
2025-10-08 09:24:04,356 Users-thaidoantuan-workspace-frappe-dev-bench:default: Job OK (erp.local::scheduled_job::frappe.monitor.flush)
2025-10-08 09:24:04,356 Result is kept for 600 seconds
2025-10-08 09:24:04,361 Users-thaidoantuan-workspace-frappe-dev-bench:default: frappe.utils.background_jobs.execute_job(event=None, is_async=True, job_name='frappe.core.doctype.scheduled_job_type.scheduled_job_type.run_scheduled_jo..., kwargs={'job_type': 'frappe.integrations.doctype.google_calendar.google_calendar.s..., method='frappe.core.doctype.scheduled_job_type.scheduled_job_type.run_scheduled_jo..., site='erp.local', user='Administrator') (erp.local::scheduled_job::frappe.integrations.doctype.google_calendar.google_calendar.sync)
2025-10-08 09:24:04,512 Users-thaidoantuan-workspace-frappe-dev-bench:default: Job OK (erp.local::scheduled_job::frappe.integrations.doctype.google_calendar.google_calendar.sync)
2025-10-08 09:24:04,512 Result is kept for 600 seconds
2025-10-08 09:24:04,518 Users-thaidoantuan-workspace-frappe-dev-bench:default: frappe.utils.background_jobs.execute_job(event=None, is_async=True, job_name='frappe.core.doctype.scheduled_job_type.scheduled_job_type.run_scheduled_jo..., kwargs={'job_type': 'frappe.email.queue.flush'}, method='frappe.core.doctype.scheduled_job_type.scheduled_job_type.run_scheduled_jo..., site='erp.local', user='Administrator') (erp.local::scheduled_job::frappe.email.queue.flush)
2025-10-08 09:24:04,683 Users-thaidoantuan-workspace-frappe-dev-bench:default: Job OK (erp.local::scheduled_job::frappe.email.queue.flush)
2025-10-08 09:24:04,684 Result is kept for 600 seconds
2025-10-08 09:24:04,688 Users-thaidoantuan-workspace-frappe-dev-bench:default: frappe.utils.background_jobs.execute_job(event=None, is_async=True, job_name='frappe.core.doctype.scheduled_job_type.scheduled_job_type.run_scheduled_jo..., kwargs={'job_type': 'frappe.email.queue.retry_sending_emails'}, method='frappe.core.doctype.scheduled_job_type.scheduled_job_type.run_scheduled_jo..., site='erp.local', user='Administrator') (erp.local::scheduled_job::frappe.email.queue.retry_sending_emails)
2025-10-08 09:24:04,769 Users-thaidoantuan-workspace-frappe-dev-bench:default: Job OK (erp.local::scheduled_job::frappe.email.queue.retry_sending_emails)
2025-10-08 09:24:04,769 Result is kept for 600 seconds
2025-10-08 09:28:04,715 Users-thaidoantuan-workspace-frappe-dev-bench:default: frappe.utils.background_jobs.execute_job(event=None, is_async=True, job_name='frappe.core.doctype.scheduled_job_type.scheduled_job_type.run_scheduled_jo..., kwargs={'job_type': 'frappe.monitor.flush'}, method='frappe.core.doctype.scheduled_job_type.scheduled_job_type.run_scheduled_jo..., site='erp.local', user='Administrator') (erp.local::scheduled_job::frappe.monitor.flush)
2025-10-08 09:28:04,902 Users-thaidoantuan-workspace-frappe-dev-bench:default: Job OK (erp.local::scheduled_job::frappe.monitor.flush)
2025-10-08 09:28:04,902 Result is kept for 600 seconds
2025-10-08 09:28:04,909 Users-thaidoantuan-workspace-frappe-dev-bench:default: frappe.utils.background_jobs.execute_job(event=None, is_async=True, job_name='frappe.core.doctype.scheduled_job_type.scheduled_job_type.run_scheduled_jo..., kwargs={'job_type': 'frappe.email.queue.retry_sending_emails'}, method='frappe.core.doctype.scheduled_job_type.scheduled_job_type.run_scheduled_jo..., site='erp.local', user='Administrator') (erp.local::scheduled_job::frappe.email.queue.retry_sending_emails)
2025-10-08 09:28:05,011 Users-thaidoantuan-workspace-frappe-dev-bench:default: Job OK (erp.local::scheduled_job::frappe.email.queue.retry_sending_emails)
2025-10-08 09:28:05,012 Result is kept for 600 seconds
2025-10-08 09:28:05,020 Users-thaidoantuan-workspace-frappe-dev-bench:default: frappe.utils.background_jobs.execute_job(event=None, is_async=True, job_name='frappe.core.doctype.scheduled_job_type.scheduled_job_type.run_scheduled_jo..., kwargs={'job_type': 'frappe.email.queue.flush'}, method='frappe.core.doctype.scheduled_job_type.scheduled_job_type.run_scheduled_jo..., site='erp.local', user='Administrator') (erp.local::scheduled_job::frappe.email.queue.flush)
2025-10-08 09:28:05,220 Users-thaidoantuan-workspace-frappe-dev-bench:default: Job OK (erp.local::scheduled_job::frappe.email.queue.flush)
2025-10-08 09:28:05,220 Result is kept for 600 seconds
2025-10-08 09:28:05,227 Users-thaidoantuan-workspace-frappe-dev-bench:default: frappe.utils.background_jobs.execute_job(event=None, is_async=True, job_name='frappe.core.doctype.scheduled_job_type.scheduled_job_type.run_scheduled_jo..., kwargs={'job_type': 'frappe.integrations.doctype.google_calendar.google_calendar.s..., method='frappe.core.doctype.scheduled_job_type.scheduled_job_type.run_scheduled_jo..., site='erp.local', user='Administrator') (erp.local::scheduled_job::frappe.integrations.doctype.google_calendar.google_calendar.sync)
2025-10-08 09:28:05,411 Users-thaidoantuan-workspace-frappe-dev-bench:default: Job OK (erp.local::scheduled_job::frappe.integrations.doctype.google_calendar.google_calendar.sync)
2025-10-08 09:28:05,412 Result is kept for 600 seconds
2025-10-08 09:30:04,964 Users-thaidoantuan-workspace-frappe-dev-bench:default: frappe.utils.background_jobs.execute_job(event=None, is_async=True, job_name='frappe.core.doctype.scheduled_job_type.scheduled_job_type.run_scheduled_jo..., kwargs={'job_type': 'frappe.model.utils.link_count.update_link_count'}, method='frappe.core.doctype.scheduled_job_type.scheduled_job_type.run_scheduled_jo..., site='erp.local', user='Administrator') (erp.local::scheduled_job::frappe.model.utils.link_count.update_link_count)
2025-10-08 09:30:05,143 Users-thaidoantuan-workspace-frappe-dev-bench:default: Job OK (erp.local::scheduled_job::frappe.model.utils.link_count.update_link_count)
2025-10-08 09:30:05,143 Result is kept for 600 seconds
2025-10-08 09:30:05,153 Cleaning registries for queue: Users-thaidoantuan-workspace-frappe-dev-bench:short
2025-10-08 09:30:05,156 Cleaning registries for queue: Users-thaidoantuan-workspace-frappe-dev-bench:default
2025-10-08 09:30:05,158 Cleaning registries for queue: Users-thaidoantuan-workspace-frappe-dev-bench:long
2025-10-08 09:30:05,161 Users-thaidoantuan-workspace-frappe-dev-bench:default: frappe.utils.background_jobs.execute_job(event=None, is_async=True, job_name='frappe.core.doctype.scheduled_job_type.scheduled_job_type.run_scheduled_jo..., kwargs={'job_type': 'frappe.email.doctype.email_account.email_account.notify_unrep..., method='frappe.core.doctype.scheduled_job_type.scheduled_job_type.run_scheduled_jo..., site='erp.local', user='Administrator') (erp.local::scheduled_job::frappe.email.doctype.email_account.email_account.notify_unreplied)
2025-10-08 09:30:05,279 Users-thaidoantuan-workspace-frappe-dev-bench:default: Job OK (erp.local::scheduled_job::frappe.email.doctype.email_account.email_account.notify_unreplied)
2025-10-08 09:30:05,279 Result is kept for 600 seconds
2025-10-08 09:30:05,283 Users-thaidoantuan-workspace-frappe-dev-bench:default: frappe.utils.background_jobs.execute_job(event=None, is_async=True, job_name='frappe.core.doctype.scheduled_job_type.scheduled_job_type.run_scheduled_jo..., kwargs={'job_type': 'frappe.automation.doctype.reminder.reminder.send_reminders'}, method='frappe.core.doctype.scheduled_job_type.scheduled_job_type.run_scheduled_jo..., site='erp.local', user='Administrator') (erp.local::scheduled_job::frappe.automation.doctype.reminder.reminder.send_reminders)
2025-10-08 09:30:05,399 Users-thaidoantuan-workspace-frappe-dev-bench:default: Job OK (erp.local::scheduled_job::frappe.automation.doctype.reminder.reminder.send_reminders)
2025-10-08 09:30:05,399 Result is kept for 600 seconds
2025-10-08 09:30:05,403 Users-thaidoantuan-workspace-frappe-dev-bench:default: frappe.utils.background_jobs.execute_job(event=None, is_async=True, job_name='frappe.core.doctype.scheduled_job_type.scheduled_job_type.run_scheduled_jo..., kwargs={'job_type': 'frappe.email.doctype.email_account.email_account.pull'}, method='frappe.core.doctype.scheduled_job_type.scheduled_job_type.run_scheduled_jo..., site='erp.local', user='Administrator') (erp.local::scheduled_job::frappe.email.doctype.email_account.email_account.pull)
2025-10-08 09:30:05,531 Users-thaidoantuan-workspace-frappe-dev-bench:default: Job OK (erp.local::scheduled_job::frappe.email.doctype.email_account.email_account.pull)
2025-10-08 09:30:05,532 Result is kept for 600 seconds
2025-10-08 09:30:05,536 Users-thaidoantuan-workspace-frappe-dev-bench:default: frappe.utils.background_jobs.execute_job(event=None, is_async=True, job_name='frappe.core.doctype.scheduled_job_type.scheduled_job_type.run_scheduled_jo..., kwargs={'job_type': 'erpnext.accounts.doctype.gl_entry.gl_entry.rename_gle_sle_doc..., method='frappe.core.doctype.scheduled_job_type.scheduled_job_type.run_scheduled_jo..., site='erp.local', user='Administrator') (erp.local::scheduled_job::erpnext.accounts.doctype.gl_entry.gl_entry.rename_gle_sle_docs)
2025-10-08 09:30:05,689 Users-thaidoantuan-workspace-frappe-dev-bench:default: Job OK (erp.local::scheduled_job::erpnext.accounts.doctype.gl_entry.gl_entry.rename_gle_sle_docs)
2025-10-08 09:30:05,690 Result is kept for 600 seconds
2025-10-08 09:30:05,695 Users-thaidoantuan-workspace-frappe-dev-bench:default: frappe.utils.background_jobs.execute_job(event=None, is_async=True, job_name='frappe.core.doctype.scheduled_job_type.scheduled_job_type.run_scheduled_jo..., kwargs={'job_type': 'frappe.utils.global_search.sync_global_search'}, method='frappe.core.doctype.scheduled_job_type.scheduled_job_type.run_scheduled_jo..., site='erp.local', user='Administrator') (erp.local::scheduled_job::frappe.utils.global_search.sync_global_search)
2025-10-08 09:30:05,821 Users-thaidoantuan-workspace-frappe-dev-bench:default: Job OK (erp.local::scheduled_job::frappe.utils.global_search.sync_global_search)
2025-10-08 09:30:05,822 Result is kept for 600 seconds
2025-10-08 09:30:05,826 Users-thaidoantuan-workspace-frappe-dev-bench:default: frappe.utils.background_jobs.execute_job(event=None, is_async=True, job_name='frappe.core.doctype.scheduled_job_type.scheduled_job_type.run_scheduled_jo..., kwargs={'job_type': 'frappe.pulse.client.send_queued_events'}, method='frappe.core.doctype.scheduled_job_type.scheduled_job_type.run_scheduled_jo..., site='erp.local', user='Administrator') (erp.local::scheduled_job::frappe.pulse.client.send_queued_events)
2025-10-08 09:30:05,946 Users-thaidoantuan-workspace-frappe-dev-bench:default: Job OK (erp.local::scheduled_job::frappe.pulse.client.send_queued_events)
2025-10-08 09:30:05,947 Result is kept for 600 seconds
2025-10-08 09:30:05,952 Users-thaidoantuan-workspace-frappe-dev-bench:default: frappe.utils.background_jobs.execute_job(event=None, is_async=True, job_name='frappe.core.doctype.scheduled_job_type.scheduled_job_type.run_scheduled_jo..., kwargs={'job_type': 'erpnext.manufacturing.doctype.bom_update_log.bom_update_log.r..., method='frappe.core.doctype.scheduled_job_type.scheduled_job_type.run_scheduled_jo..., site='erp.local', user='Administrator') (erp.local::scheduled_job::erpnext.manufacturing.doctype.bom_update_log.bom_update_log.resume_bom_cost_update_jobs)
2025-10-08 09:30:06,207 Users-thaidoantuan-workspace-frappe-dev-bench:default: Job OK (erp.local::scheduled_job::erpnext.manufacturing.doctype.bom_update_log.bom_update_log.resume_bom_cost_update_jobs)
2025-10-08 09:30:06,207 Result is kept for 600 seconds
2025-10-08 09:30:06,214 Users-thaidoantuan-workspace-frappe-dev-bench:default: frappe.utils.background_jobs.execute_job(event=None, is_async=True, job_name='frappe.core.doctype.scheduled_job_type.scheduled_job_type.run_scheduled_jo..., kwargs={'job_type': 'frappe.search.sqlite_search.build_index_if_not_exists'}, method='frappe.core.doctype.scheduled_job_type.scheduled_job_type.run_scheduled_jo..., site='erp.local', user='Administrator') (erp.local::scheduled_job::frappe.search.sqlite_search.build_index_if_not_exists)
2025-10-08 09:30:06,341 Users-thaidoantuan-workspace-frappe-dev-bench:default: Job OK (erp.local::scheduled_job::frappe.search.sqlite_search.build_index_if_not_exists)
2025-10-08 09:30:06,341 Result is kept for 600 seconds
2025-10-08 09:30:06,346 Users-thaidoantuan-workspace-frappe-dev-bench:default: frappe.utils.background_jobs.execute_job(event=None, is_async=True, job_name='frappe.core.doctype.scheduled_job_type.scheduled_job_type.run_scheduled_jo..., kwargs={'job_type': 'erpnext.utilities.doctype.video.video.update_youtube_data'}, method='frappe.core.doctype.scheduled_job_type.scheduled_job_type.run_scheduled_jo..., site='erp.local', user='Administrator') (erp.local::scheduled_job::erpnext.utilities.doctype.video.video.update_youtube_data)
2025-10-08 09:30:06,506 Users-thaidoantuan-workspace-frappe-dev-bench:default: Job OK (erp.local::scheduled_job::erpnext.utilities.doctype.video.video.update_youtube_data)
2025-10-08 09:30:06,506 Result is kept for 600 seconds
2025-10-08 09:30:06,511 Users-thaidoantuan-workspace-frappe-dev-bench:default: frappe.utils.background_jobs.execute_job(event=None, is_async=True, job_name='frappe.core.doctype.scheduled_job_type.scheduled_job_type.run_scheduled_jo..., kwargs={'job_type': 'frappe.deferred_insert.save_to_db'}, method='frappe.core.doctype.scheduled_job_type.scheduled_job_type.run_scheduled_jo..., site='erp.local', user='Administrator') (erp.local::scheduled_job::frappe.deferred_insert.save_to_db)
2025-10-08 09:30:06,644 Users-thaidoantuan-workspace-frappe-dev-bench:default: Job OK (erp.local::scheduled_job::frappe.deferred_insert.save_to_db)
2025-10-08 09:30:06,644 Result is kept for 600 seconds
2025-10-08 09:32:05,224 Users-thaidoantuan-workspace-frappe-dev-bench:default: frappe.utils.background_jobs.execute_job(event=None, is_async=True, job_name='frappe.core.doctype.scheduled_job_type.scheduled_job_type.run_scheduled_jo..., kwargs={'job_type': 'frappe.integrations.doctype.google_calendar.google_calendar.s..., method='frappe.core.doctype.scheduled_job_type.scheduled_job_type.run_scheduled_jo..., site='erp.local', user='Administrator') (erp.local::scheduled_job::frappe.integrations.doctype.google_calendar.google_calendar.sync)
2025-10-08 09:32:05,469 Users-thaidoantuan-workspace-frappe-dev-bench:default: Job OK (erp.local::scheduled_job::frappe.integrations.doctype.google_calendar.google_calendar.sync)
2025-10-08 09:32:05,469 Result is kept for 600 seconds
2025-10-08 09:32:05,474 Users-thaidoantuan-workspace-frappe-dev-bench:default: frappe.utils.background_jobs.execute_job(event=None, is_async=True, job_name='frappe.core.doctype.scheduled_job_type.scheduled_job_type.run_scheduled_jo..., kwargs={'job_type': 'frappe.email.queue.flush'}, method='frappe.core.doctype.scheduled_job_type.scheduled_job_type.run_scheduled_jo..., site='erp.local', user='Administrator') (erp.local::scheduled_job::frappe.email.queue.flush)
2025-10-08 09:32:05,674 Users-thaidoantuan-workspace-frappe-dev-bench:default: Job OK (erp.local::scheduled_job::frappe.email.queue.flush)
2025-10-08 09:32:05,674 Result is kept for 600 seconds
2025-10-08 09:32:05,678 Users-thaidoantuan-workspace-frappe-dev-bench:default: frappe.utils.background_jobs.execute_job(event=None, is_async=True, job_name='frappe.core.doctype.scheduled_job_type.scheduled_job_type.run_scheduled_jo..., kwargs={'job_type': 'frappe.monitor.flush'}, method='frappe.core.doctype.scheduled_job_type.scheduled_job_type.run_scheduled_jo..., site='erp.local', user='Administrator') (erp.local::scheduled_job::frappe.monitor.flush)
2025-10-08 09:32:05,779 Users-thaidoantuan-workspace-frappe-dev-bench:default: Job OK (erp.local::scheduled_job::frappe.monitor.flush)
2025-10-08 09:32:05,779 Result is kept for 600 seconds
2025-10-08 09:32:05,783 Users-thaidoantuan-workspace-frappe-dev-bench:default: frappe.utils.background_jobs.execute_job(event=None, is_async=True, job_name='frappe.core.doctype.scheduled_job_type.scheduled_job_type.run_scheduled_jo..., kwargs={'job_type': 'frappe.email.queue.retry_sending_emails'}, method='frappe.core.doctype.scheduled_job_type.scheduled_job_type.run_scheduled_jo..., site='erp.local', user='Administrator') (erp.local::scheduled_job::frappe.email.queue.retry_sending_emails)
2025-10-08 09:32:05,874 Users-thaidoantuan-workspace-frappe-dev-bench:default: Job OK (erp.local::scheduled_job::frappe.email.queue.retry_sending_emails)
2025-10-08 09:32:05,874 Result is kept for 600 seconds
2025-10-08 09:36:05,699 Users-thaidoantuan-workspace-frappe-dev-bench:default: frappe.utils.background_jobs.execute_job(event=None, is_async=True, job_name='frappe.core.doctype.scheduled_job_type.scheduled_job_type.run_scheduled_jo..., kwargs={'job_type': 'frappe.email.queue.retry_sending_emails'}, method='frappe.core.doctype.scheduled_job_type.scheduled_job_type.run_scheduled_jo..., site='erp.local', user='Administrator') (erp.local::scheduled_job::frappe.email.queue.retry_sending_emails)
2025-10-08 09:36:05,862 Users-thaidoantuan-workspace-frappe-dev-bench:default: Job OK (erp.local::scheduled_job::frappe.email.queue.retry_sending_emails)
2025-10-08 09:36:05,863 Result is kept for 600 seconds
2025-10-08 09:36:05,867 Users-thaidoantuan-workspace-frappe-dev-bench:default: frappe.utils.background_jobs.execute_job(event=None, is_async=True, job_name='frappe.core.doctype.scheduled_job_type.scheduled_job_type.run_scheduled_jo..., kwargs={'job_type': 'frappe.email.queue.flush'}, method='frappe.core.doctype.scheduled_job_type.scheduled_job_type.run_scheduled_jo..., site='erp.local', user='Administrator') (erp.local::scheduled_job::frappe.email.queue.flush)
2025-10-08 09:36:06,036 Users-thaidoantuan-workspace-frappe-dev-bench:default: Job OK (erp.local::scheduled_job::frappe.email.queue.flush)
2025-10-08 09:36:06,037 Result is kept for 600 seconds
2025-10-08 09:36:06,041 Users-thaidoantuan-workspace-frappe-dev-bench:default: frappe.utils.background_jobs.execute_job(event=None, is_async=True, job_name='frappe.core.doctype.scheduled_job_type.scheduled_job_type.run_scheduled_jo..., kwargs={'job_type': 'frappe.monitor.flush'}, method='frappe.core.doctype.scheduled_job_type.scheduled_job_type.run_scheduled_jo..., site='erp.local', user='Administrator') (erp.local::scheduled_job::frappe.monitor.flush)
2025-10-08 09:36:06,117 Users-thaidoantuan-workspace-frappe-dev-bench:default: Job OK (erp.local::scheduled_job::frappe.monitor.flush)
2025-10-08 09:36:06,118 Result is kept for 600 seconds
2025-10-08 09:36:06,122 Users-thaidoantuan-workspace-frappe-dev-bench:default: frappe.utils.background_jobs.execute_job(event=None, is_async=True, job_name='frappe.core.doctype.scheduled_job_type.scheduled_job_type.run_scheduled_jo..., kwargs={'job_type': 'frappe.integrations.doctype.google_calendar.google_calendar.s..., method='frappe.core.doctype.scheduled_job_type.scheduled_job_type.run_scheduled_jo..., site='erp.local', user='Administrator') (erp.local::scheduled_job::frappe.integrations.doctype.google_calendar.google_calendar.sync)
2025-10-08 09:36:06,254 Users-thaidoantuan-workspace-frappe-dev-bench:default: Job OK (erp.local::scheduled_job::frappe.integrations.doctype.google_calendar.google_calendar.sync)
2025-10-08 09:36:06,254 Result is kept for 600 seconds
2025-10-08 09:40:06,303 Users-thaidoantuan-workspace-frappe-dev-bench:default: frappe.utils.background_jobs.execute_job(event=None, is_async=True, job_name='frappe.core.doctype.scheduled_job_type.scheduled_job_type.run_scheduled_jo..., kwargs={'job_type': 'frappe.email.queue.flush'}, method='frappe.core.doctype.scheduled_job_type.scheduled_job_type.run_scheduled_jo..., site='erp.local', user='Administrator') (erp.local::scheduled_job::frappe.email.queue.flush)
2025-10-08 09:40:06,537 Users-thaidoantuan-workspace-frappe-dev-bench:default: Job OK (erp.local::scheduled_job::frappe.email.queue.flush)
2025-10-08 09:40:06,537 Result is kept for 600 seconds
2025-10-08 09:40:06,543 Users-thaidoantuan-workspace-frappe-dev-bench:default: frappe.utils.background_jobs.execute_job(event=None, is_async=True, job_name='frappe.core.doctype.scheduled_job_type.scheduled_job_type.run_scheduled_jo..., kwargs={'job_type': 'frappe.email.doctype.email_account.email_account.pull'}, method='frappe.core.doctype.scheduled_job_type.scheduled_job_type.run_scheduled_jo..., site='erp.local', user='Administrator') (erp.local::scheduled_job::frappe.email.doctype.email_account.email_account.pull)
2025-10-08 09:40:06,721 Users-thaidoantuan-workspace-frappe-dev-bench:default: Job OK (erp.local::scheduled_job::frappe.email.doctype.email_account.email_account.pull)
2025-10-08 09:40:06,722 Result is kept for 600 seconds
2025-10-08 09:40:06,726 Users-thaidoantuan-workspace-frappe-dev-bench:default: frappe.utils.background_jobs.execute_job(event=None, is_async=True, job_name='frappe.core.doctype.scheduled_job_type.scheduled_job_type.run_scheduled_jo..., kwargs={'job_type': 'frappe.integrations.doctype.google_calendar.google_calendar.s..., method='frappe.core.doctype.scheduled_job_type.scheduled_job_type.run_scheduled_jo..., site='erp.local', user='Administrator') (erp.local::scheduled_job::frappe.integrations.doctype.google_calendar.google_calendar.sync)
2025-10-08 09:40:06,885 Users-thaidoantuan-workspace-frappe-dev-bench:default: Job OK (erp.local::scheduled_job::frappe.integrations.doctype.google_calendar.google_calendar.sync)
2025-10-08 09:40:06,885 Result is kept for 600 seconds
2025-10-08 09:40:06,891 Users-thaidoantuan-workspace-frappe-dev-bench:default: frappe.utils.background_jobs.execute_job(event=None, is_async=True, job_name='frappe.core.doctype.scheduled_job_type.scheduled_job_type.run_scheduled_jo..., kwargs={'job_type': 'frappe.monitor.flush'}, method='frappe.core.doctype.scheduled_job_type.scheduled_job_type.run_scheduled_jo..., site='erp.local', user='Administrator') (erp.local::scheduled_job::frappe.monitor.flush)
2025-10-08 09:40:06,987 Users-thaidoantuan-workspace-frappe-dev-bench:default: Job OK (erp.local::scheduled_job::frappe.monitor.flush)
2025-10-08 09:40:06,988 Result is kept for 600 seconds
2025-10-08 09:40:06,992 Users-thaidoantuan-workspace-frappe-dev-bench:default: frappe.utils.background_jobs.execute_job(event=None, is_async=True, job_name='frappe.core.doctype.scheduled_job_type.scheduled_job_type.run_scheduled_jo..., kwargs={'job_type': 'frappe.email.queue.retry_sending_emails'}, method='frappe.core.doctype.scheduled_job_type.scheduled_job_type.run_scheduled_jo..., site='erp.local', user='Administrator') (erp.local::scheduled_job::frappe.email.queue.retry_sending_emails)
2025-10-08 09:40:07,086 Users-thaidoantuan-workspace-frappe-dev-bench:default: Job OK (erp.local::scheduled_job::frappe.email.queue.retry_sending_emails)
2025-10-08 09:40:07,086 Result is kept for 600 seconds
2025-10-08 09:44:06,748 Users-thaidoantuan-workspace-frappe-dev-bench:default: frappe.utils.background_jobs.execute_job(event=None, is_async=True, job_name='frappe.core.doctype.scheduled_job_type.scheduled_job_type.run_scheduled_jo..., kwargs={'job_type': 'frappe.monitor.flush'}, method='frappe.core.doctype.scheduled_job_type.scheduled_job_type.run_scheduled_jo..., site='erp.local', user='Administrator') (erp.local::scheduled_job::frappe.monitor.flush)
2025-10-08 09:44:06,866 Users-thaidoantuan-workspace-frappe-dev-bench:default: Job OK (erp.local::scheduled_job::frappe.monitor.flush)
2025-10-08 09:44:06,866 Result is kept for 600 seconds
2025-10-08 09:44:06,870 Users-thaidoantuan-workspace-frappe-dev-bench:default: frappe.utils.background_jobs.execute_job(event=None, is_async=True, job_name='frappe.core.doctype.scheduled_job_type.scheduled_job_type.run_scheduled_jo..., kwargs={'job_type': 'frappe.email.queue.retry_sending_emails'}, method='frappe.core.doctype.scheduled_job_type.scheduled_job_type.run_scheduled_jo..., site='erp.local', user='Administrator') (erp.local::scheduled_job::frappe.email.queue.retry_sending_emails)
2025-10-08 09:44:06,954 Users-thaidoantuan-workspace-frappe-dev-bench:default: Job OK (erp.local::scheduled_job::frappe.email.queue.retry_sending_emails)
2025-10-08 09:44:06,954 Result is kept for 600 seconds
2025-10-08 09:44:06,959 Users-thaidoantuan-workspace-frappe-dev-bench:default: frappe.utils.background_jobs.execute_job(event=None, is_async=True, job_name='frappe.core.doctype.scheduled_job_type.scheduled_job_type.run_scheduled_jo..., kwargs={'job_type': 'frappe.email.queue.flush'}, method='frappe.core.doctype.scheduled_job_type.scheduled_job_type.run_scheduled_jo..., site='erp.local', user='Administrator') (erp.local::scheduled_job::frappe.email.queue.flush)
2025-10-08 09:44:07,098 Users-thaidoantuan-workspace-frappe-dev-bench:default: Job OK (erp.local::scheduled_job::frappe.email.queue.flush)
2025-10-08 09:44:07,098 Result is kept for 600 seconds
2025-10-08 09:44:07,102 Users-thaidoantuan-workspace-frappe-dev-bench:default: frappe.utils.background_jobs.execute_job(event=None, is_async=True, job_name='frappe.core.doctype.scheduled_job_type.scheduled_job_type.run_scheduled_jo..., kwargs={'job_type': 'frappe.integrations.doctype.google_calendar.google_calendar.s..., method='frappe.core.doctype.scheduled_job_type.scheduled_job_type.run_scheduled_jo..., site='erp.local', user='Administrator') (erp.local::scheduled_job::frappe.integrations.doctype.google_calendar.google_calendar.sync)
2025-10-08 09:44:07,231 Users-thaidoantuan-workspace-frappe-dev-bench:default: Job OK (erp.local::scheduled_job::frappe.integrations.doctype.google_calendar.google_calendar.sync)
2025-10-08 09:44:07,231 Result is kept for 600 seconds
2025-10-08 09:45:06,828 Users-thaidoantuan-workspace-frappe-dev-bench:default: frappe.utils.background_jobs.execute_job(event=None, is_async=True, job_name='frappe.core.doctype.scheduled_job_type.scheduled_job_type.run_scheduled_jo..., kwargs={'job_type': 'frappe.model.utils.link_count.update_link_count'}, method='frappe.core.doctype.scheduled_job_type.scheduled_job_type.run_scheduled_jo..., site='erp.local', user='Administrator') (erp.local::scheduled_job::frappe.model.utils.link_count.update_link_count)
2025-10-08 09:45:07,129 Users-thaidoantuan-workspace-frappe-dev-bench:default: Job OK (erp.local::scheduled_job::frappe.model.utils.link_count.update_link_count)
2025-10-08 09:45:07,129 Result is kept for 600 seconds
2025-10-08 09:45:07,137 Users-thaidoantuan-workspace-frappe-dev-bench:default: frappe.utils.background_jobs.execute_job(event=None, is_async=True, job_name='frappe.core.doctype.scheduled_job_type.scheduled_job_type.run_scheduled_jo..., kwargs={'job_type': 'frappe.utils.global_search.sync_global_search'}, method='frappe.core.doctype.scheduled_job_type.scheduled_job_type.run_scheduled_jo..., site='erp.local', user='Administrator') (erp.local::scheduled_job::frappe.utils.global_search.sync_global_search)
2025-10-08 09:45:07,315 Users-thaidoantuan-workspace-frappe-dev-bench:default: Job OK (erp.local::scheduled_job::frappe.utils.global_search.sync_global_search)
2025-10-08 09:45:07,315 Result is kept for 600 seconds
2025-10-08 09:45:07,321 Users-thaidoantuan-workspace-frappe-dev-bench:default: frappe.utils.background_jobs.execute_job(event=None, is_async=True, job_name='frappe.core.doctype.scheduled_job_type.scheduled_job_type.run_scheduled_jo..., kwargs={'job_type': 'frappe.automation.doctype.reminder.reminder.send_reminders'}, method='frappe.core.doctype.scheduled_job_type.scheduled_job_type.run_scheduled_jo..., site='erp.local', user='Administrator') (erp.local::scheduled_job::frappe.automation.doctype.reminder.reminder.send_reminders)
2025-10-08 09:45:07,539 Users-thaidoantuan-workspace-frappe-dev-bench:default: Job OK (erp.local::scheduled_job::frappe.automation.doctype.reminder.reminder.send_reminders)
2025-10-08 09:45:07,540 Result is kept for 600 seconds
2025-10-08 09:45:07,549 Users-thaidoantuan-workspace-frappe-dev-bench:default: frappe.utils.background_jobs.execute_job(event=None, is_async=True, job_name='frappe.core.doctype.scheduled_job_type.scheduled_job_type.run_scheduled_jo..., kwargs={'job_type': 'frappe.deferred_insert.save_to_db'}, method='frappe.core.doctype.scheduled_job_type.scheduled_job_type.run_scheduled_jo..., site='erp.local', user='Administrator') (erp.local::scheduled_job::frappe.deferred_insert.save_to_db)
2025-10-08 09:45:07,735 Users-thaidoantuan-workspace-frappe-dev-bench:default: Job OK (erp.local::scheduled_job::frappe.deferred_insert.save_to_db)
2025-10-08 09:45:07,735 Result is kept for 600 seconds
2025-10-08 09:45:07,739 Users-thaidoantuan-workspace-frappe-dev-bench:default: frappe.utils.background_jobs.execute_job(event=None, is_async=True, job_name='frappe.core.doctype.scheduled_job_type.scheduled_job_type.run_scheduled_jo..., kwargs={'job_type': 'frappe.pulse.client.send_queued_events'}, method='frappe.core.doctype.scheduled_job_type.scheduled_job_type.run_scheduled_jo..., site='erp.local', user='Administrator') (erp.local::scheduled_job::frappe.pulse.client.send_queued_events)
2025-10-08 09:45:07,919 Users-thaidoantuan-workspace-frappe-dev-bench:default: Job OK (erp.local::scheduled_job::frappe.pulse.client.send_queued_events)
2025-10-08 09:45:07,919 Result is kept for 600 seconds
2025-10-08 09:45:07,925 Users-thaidoantuan-workspace-frappe-dev-bench:default: frappe.utils.background_jobs.execute_job(event=None, is_async=True, job_name='frappe.core.doctype.scheduled_job_type.scheduled_job_type.run_scheduled_jo..., kwargs={'job_type': 'frappe.email.doctype.email_account.email_account.notify_unrep..., method='frappe.core.doctype.scheduled_job_type.scheduled_job_type.run_scheduled_jo..., site='erp.local', user='Administrator') (erp.local::scheduled_job::frappe.email.doctype.email_account.email_account.notify_unreplied)
2025-10-08 09:45:08,069 Users-thaidoantuan-workspace-frappe-dev-bench:default: Job OK (erp.local::scheduled_job::frappe.email.doctype.email_account.email_account.notify_unreplied)
2025-10-08 09:45:08,073 Result is kept for 600 seconds
2025-10-08 09:45:08,080 Users-thaidoantuan-workspace-frappe-dev-bench:default: frappe.utils.background_jobs.execute_job(event=None, is_async=True, job_name='frappe.core.doctype.scheduled_job_type.scheduled_job_type.run_scheduled_jo..., kwargs={'job_type': 'frappe.search.sqlite_search.build_index_if_not_exists'}, method='frappe.core.doctype.scheduled_job_type.scheduled_job_type.run_scheduled_jo..., site='erp.local', user='Administrator') (erp.local::scheduled_job::frappe.search.sqlite_search.build_index_if_not_exists)
2025-10-08 09:45:08,301 Users-thaidoantuan-workspace-frappe-dev-bench:default: Job OK (erp.local::scheduled_job::frappe.search.sqlite_search.build_index_if_not_exists)
2025-10-08 09:45:08,303 Result is kept for 600 seconds
2025-10-08 09:45:08,314 Users-thaidoantuan-workspace-frappe-dev-bench:default: frappe.utils.background_jobs.execute_job(event=None, is_async=True, job_name='frappe.core.doctype.scheduled_job_type.scheduled_job_type.run_scheduled_jo..., kwargs={'job_type': 'erpnext.manufacturing.doctype.bom_update_log.bom_update_log.r..., method='frappe.core.doctype.scheduled_job_type.scheduled_job_type.run_scheduled_jo..., site='erp.local', user='Administrator') (erp.local::scheduled_job::erpnext.manufacturing.doctype.bom_update_log.bom_update_log.resume_bom_cost_update_jobs)
2025-10-08 09:45:08,582 Users-thaidoantuan-workspace-frappe-dev-bench:default: Job OK (erp.local::scheduled_job::erpnext.manufacturing.doctype.bom_update_log.bom_update_log.resume_bom_cost_update_jobs)
2025-10-08 09:45:08,582 Result is kept for 600 seconds
2025-10-08 09:48:07,173 Users-thaidoantuan-workspace-frappe-dev-bench:default: frappe.utils.background_jobs.execute_job(event=None, is_async=True, job_name='frappe.core.doctype.scheduled_job_type.scheduled_job_type.run_scheduled_jo..., kwargs={'job_type': 'frappe.integrations.doctype.google_calendar.google_calendar.s..., method='frappe.core.doctype.scheduled_job_type.scheduled_job_type.run_scheduled_jo..., site='erp.local', user='Administrator') (erp.local::scheduled_job::frappe.integrations.doctype.google_calendar.google_calendar.sync)
2025-10-08 09:48:07,424 Users-thaidoantuan-workspace-frappe-dev-bench:default: Job OK (erp.local::scheduled_job::frappe.integrations.doctype.google_calendar.google_calendar.sync)
2025-10-08 09:48:07,425 Result is kept for 600 seconds
2025-10-08 09:48:07,431 Users-thaidoantuan-workspace-frappe-dev-bench:default: frappe.utils.background_jobs.execute_job(event=None, is_async=True, job_name='frappe.core.doctype.scheduled_job_type.scheduled_job_type.run_scheduled_jo..., kwargs={'job_type': 'frappe.email.queue.flush'}, method='frappe.core.doctype.scheduled_job_type.scheduled_job_type.run_scheduled_jo..., site='erp.local', user='Administrator') (erp.local::scheduled_job::frappe.email.queue.flush)
2025-10-08 09:48:07,608 Users-thaidoantuan-workspace-frappe-dev-bench:default: Job OK (erp.local::scheduled_job::frappe.email.queue.flush)
2025-10-08 09:48:07,608 Result is kept for 600 seconds
2025-10-08 09:48:07,613 Users-thaidoantuan-workspace-frappe-dev-bench:default: frappe.utils.background_jobs.execute_job(event=None, is_async=True, job_name='frappe.core.doctype.scheduled_job_type.scheduled_job_type.run_scheduled_jo..., kwargs={'job_type': 'frappe.email.queue.retry_sending_emails'}, method='frappe.core.doctype.scheduled_job_type.scheduled_job_type.run_scheduled_jo..., site='erp.local', user='Administrator') (erp.local::scheduled_job::frappe.email.queue.retry_sending_emails)
2025-10-08 09:48:07,724 Users-thaidoantuan-workspace-frappe-dev-bench:default: Job OK (erp.local::scheduled_job::frappe.email.queue.retry_sending_emails)
2025-10-08 09:48:07,724 Result is kept for 600 seconds
2025-10-08 09:48:07,730 Users-thaidoantuan-workspace-frappe-dev-bench:default: frappe.utils.background_jobs.execute_job(event=None, is_async=True, job_name='frappe.core.doctype.scheduled_job_type.scheduled_job_type.run_scheduled_jo..., kwargs={'job_type': 'frappe.monitor.flush'}, method='frappe.core.doctype.scheduled_job_type.scheduled_job_type.run_scheduled_jo..., site='erp.local', user='Administrator') (erp.local::scheduled_job::frappe.monitor.flush)
2025-10-08 09:48:07,824 Users-thaidoantuan-workspace-frappe-dev-bench:default: Job OK (erp.local::scheduled_job::frappe.monitor.flush)
2025-10-08 09:48:07,824 Result is kept for 600 seconds
